id,bf,proper,ra,dec,dist,pmra,pmdec,rv,mag,absmag,spect,ci,x,y,z,vx,vy,vz,con
11289,21Alp And,Alpheratz,0.13976889,29.09082805,29.7442,135.68,-162.95,-12,2.07,-0.297,B8P,-0.038,25.975,0.951,14.461,-1.64E-08,1.96E-05,-2.65E-05,And
12359,11Bet Cas,Caph,0.152887,59.14978,16.7842,523.39,-180.42,11.3,2.28,1.155,F2III-IV,0.38,8.6,0.345,14.41,1.68E-05,4.33E-05,2.39E-06,Cas
17696,88Gam Peg,Algenib,0.220598,15.183596,143.9383,0.492,-10.73,4,2.83,-2.961,B2IV,-0.19,138.682,8.018,37.699,5.88E-06,6.84E-07,-6.15E-06,Peg
24500,,Groombridge 34,0.30635704,44.02295051,3.5624,2891.518,411.832,11.367,8.09,10.331,M1V,1.56,2.553,0.205,2.476,-5.95E-07,5.01E-05,1.32E-05,And
25698,,Citadelle,0.32140693,14.05475211,192.2421,74.472,-17.069,-9.976,8.36,1.941,K0,0.92,185.827,15.673,46.686,-1.18E-05,6.87E-05,-1.79E-05,Psc
34838,Alp Phe,Ankaa,0.43806277,-42.30607839,25.974,232.76,-353.64,75,2.4,0.327,K0 IIIB,1.083,19.084,2.198,-17.483,2.32E-05,3.22E-05,-8.46E-05,Phe
37772,,Felixvarela,0.47619588,-16.22634169,34.5157,-354.939,-227.995,2.933,9.62,6.93,K 5 V,1.128,32.884,4.121,-9.645,-3.35E-07,-5.99E-05,-3.75E-05,Cet
48343,17Zet Cas,Fulu,0.616188,53.896909,150.0225,17.444,-9.523,2,3.69,-2.191,B2IV,-0.196,87.251,14.199,121.212,4.67E-06,1.36E-05,-2.43E-06,Cas
52707,18Alp Cas,Schedar,0.675116,56.537331,70.9674,49.126,-31.595,-4,2.24,-2.015,K0II-IIIvar,1.17,38.521,6.88,59.204,3.73E-06,1.78E-05,-9.41E-06,Cas
56551,16Bet Cet,Diphda,0.72649,-17.986605,29.5334,232.79,32.71,13.3,2.04,-0.312,K0III,1.019,27.584,5.31,-9.12,7.82E-06,3.54E-05,2.55E-07,Cet
57553,,Cocibolca,0.74073647,-26.51568711,34.108,313.556,149.324,56.729,7.78,5.116,G5 V,0.664,29.948,5.882,-15.227,5.18E-05,6.30E-05,-3.81E-06,Scl
62405,,96 G. Psc,0.80638256,5.28062765,7.4352,755.894,-1141.719,-10.368,5.74,6.384,K2V,0.89,7.239,1.551,0.684,-1.23E-05,2.52E-05,-4.20E-05,Psc
63250,24Eta Cas,Achird,0.81826,57.815187,5.923,1078.609,-551.133,8.2,3.46,4.597,G0V SB,0.587,3.0824,0.6706,5.0126,1.09E-05,3.41E-05,-1.33E-06,Cas
63300,,Van Maanen's Star,0.81921586,5.39519773,4.3144,1231.399,-2711.883,54,12.37,14.195,DG,0.554,4.1974,0.915,0.4049,5.35E-05,3.80E-05,-5.13E-05,Psc
72717,28Ups-2 Cas,Castula,0.9444184,59.18105467,60.0727,-92.611,-45.397,-47.89,4.62,0.727,G8III-IV,0.957,29.841,7.532,51.59,-6.72E-06,-2.95E-05,-4.88E-05,Cas
72768,27Gam Cas,Cih,0.94513921,60.71674966,168.3502,25.65,-3.82,-7,2.15,-3.981,B0IV:E,-0.046,79.837,20.168,146.837,-5.89E-06,2.01E-05,-7.77E-06,Cas
82912,,Nenque,1.07782008,-39.48821487,42.2525,-170.033,-527.946,23.142,7.72,4.591,G2/3 V,0.613,31.319,9.08,-26.869,-3.88E-05,-4.75E-05,-9.85E-05,Phe
87352,Zet Phe,Wurren,1.13974651,-55.24575773,89.222,20.375,31.739,15,3.94,-0.812,B7 V,-0.12,48.614,14.952,-73.305,1.65E-05,1.43E-05,-4.78E-06,Phe
89000,43Bet And,Mirach,1.16220082,35.62055764,60.5327,175.59,-112.23,-0.8,2.07,-1.84,M0III,1.576,46.946,14.742,35.255,2.23E-06,5.47E-05,-2.72E-05,And
90273,,Emiw,1.17978412,-66.18815461,36.1103,110.671,-123.406,5.529,8.06,5.272,K0 IV/V,0.849,13.889,4.432,-33.036,-2.25E-05,1.31E-05,-1.39E-05,Tuc
93775,86Zet Psc,Revati,1.22885739,7.57535872,40.884,142.693,-53.051,9,5.21,2.152,F 0 VN,0.32,38.448,12.814,5.39,1.03E-06,3.02E-05,-9.21E-06,Psc
93808,86Zet Psc,Revati B,1.22923797,7.57826337,40.5029,139.506,-53.49,11,6.44,3.403,F 7 V,0.492,38.0878,12.6988,5.3416,3.23E-06,3.00E-05,-8.93E-06,Psc
104137,46Xi And,Adhil,1.37233885,45.52877917,68.4734,31.681,9.024,-12.826,4.87,0.692,K0III-IV,1.077,44.906,16.866,48.863,-1.43E-05,5.86E-06,-7.26E-06,And
107538,,Bélénos,1.42014338,28.56669677,44.8318,251.27,-157.57,19.049,7.12,3.862,F8,0.577,36.684,14.304,21.438,1.14E-05,6.30E-05,-2.08E-05,Psc
108256,37Del Cas,Ruchbah,1.430216,60.235283,31.221,296.42,-49.127,7,2.66,0.188,A5Vv SB,0.16,14.426,5.669,27.102,-7.09E-06,4.54E-05,2.52E-06,Cas
115103,99Eta Psc,Alpherg,1.52472506,15.34582789,114.5015,28.584,-3.217,15,3.62,-1.674,G5II,0.974,101.738,42.915,30.302,7.90E-06,2.06E-05,2.34E-06,Psc
121650,50Ups And,Titawin,1.613299,41.405459,13.4782,-171.892,-381.815,-28.746,4.1,3.452,F8V,0.536,9.221,4.144,8.914,-4.57E-07,-1.25E-05,-3.82E-05,And
122757,Alp Eri,Achernar,1.62854214,-57.23666007,42.7533,88.02,-40.08,16,0.45,-2.705,B3 VP,-0.158,21.066,9.568,-35.952,-5.84E-06,1.74E-05,-1.83E-05,Eri
123119,51 And,Nembus,1.63321004,48.6282122,53.9114,62.968,-111.999,16,3.59,-0.068,K3III,1.275,32.425,14.775,40.457,2.30E-05,2.86E-05,-7.07E-06,And
125360,,p Eridani,1.663169,-56.1964,8.1894,262.615,14.961,21.737,5.76,6.194,K0V,0.88,4.131,1.922,-6.805,7.26E-06,1.49E-05,-1.81E-05,Eri
125364,,p Eridani,1.66321037,-56.19648348,8.1965,309.23,10.815,20.151,5.8,6.232,K1,0.86,4.135,1.923,-6.811,5.54E-06,1.61E-05,-1.69E-05,Eri
132421,110Omi Psc,Torcular,1.75656418,9.15774949,79.811,71.227,53.727,14,4.26,-0.25,G8III,0.942,70.6081,34.9711,12.7024,-2.53E-06,2.95E-05,2.28E-05,Psc
140225,55Zet Cet,Baten Kaitos,1.85767576,-10.33504177,77.6578,39.752,-40.956,9,3.74,-0.711,K0 III,1.136,67.5396,35.7073,-13.9317,-1.44E-06,1.62E-05,-1.68E-05,Cet
142252,2Alp Tri,Mothallah,1.8846967,29.57882527,19.4175,12.02,-233.69,-16.2,3.42,1.979,F5III,0.488,14.873,7.998,9.585,-3.66E-06,-6.84E-07,-2.73E-05,Tri
142805,5Gam-2 Ari,Mesarthim,1.89217,19.293852,50.3018,79.43,-99.1,-1,3.88,0.372,A1p Si,-0.047,41.77,22.568,16.62,-3.03E-06,2.04E-05,-2.31E-05,Ari
143900,45Eps Cas,Segin,1.906584,63.670101,142.7817,29.587,-18.387,-8,3.35,-2.423,B2pvar,-0.15,55.603,30.3142,127.9682,-2.97E-06,2.17E-05,-1.30E-05,Cas
144249,6Bet Ari,Sheratan,1.910668,20.808035,17.9856,96.32,-108.8,-4,2.64,1.365,A5V...,0.165,14.753,8.063,6.389,-4.43E-06,7.15E-06,-1.03E-05,Ari
153727,113Alp Psc,Alrescha,2.0341132,2.76374242,46.1681,33.29,-0.42,9,3.82,0.498,Ap (kA0hA7 SrII),0.024,39.729,23.413,2.226,4.14E-06,1.11E-05,3.50E-07,Psc
156068,57Gam-1 And,Almach,2.064984,42.329725,120.4819,43.08,-50.85,-12,2.1,-3.305,B8V,1.37,76.368,45.841,81.132,-3.58E-06,2.72E-05,-3.02E-05,And
160205,13Alp Ari,Hamal,2.119555,23.462423,20.1776,190.73,-145.77,-14.4,2.01,0.486,K2III,1.151,15.732,9.752,8.034,-1.65E-05,1.17E-05,-1.89E-05,Ari
175559,68Omi Cet,Mira,2.32244118,-2.97764684,91.659,10.33,-239.48,64,6.47,1.659,M5/6 IIIe,0.966,75.131,52.289,-4.761,4.65E-05,3.79E-05,-0.000109673,Cet
191390,1Alp UMi,Polaris,2.52975,89.264109,132.626,44.22,-11.74,-17,1.97,-3.643,F7:Ib-IIv SB,0.636,1.343,1.048,132.615,-1.17E-05,2.69E-05,-1.75E-05,UMi
196694,,268 G. Cet,2.601357,6.88687,7.2286,1778.585,1477.306,26,5.79,6.495,K3V,0.918,5.5752,4.5182,0.8668,-2.36E-05,6.11E-05,5.46E-05,Cet
197956,,Buna,2.61719752,42.0626354,59.9987,-38.864,-41.234,21.832,7.28,3.389,G0,0.656,34.49,28.188,40.196,2.62E-05,6.82E-06,6.05E-06,And
205736,86Gam Cet,Kaffaljidhma,2.721678,3.235818,24.4081,-146.43,-145.27,-5.1,3.47,1.532,A3V,0.093,18.44,15.931,1.378,8.12E-06,-1.59E-05,-1.75E-05,Cet
209789,,Koeia,2.77857957,-23.08660579,23.4231,294.717,140.966,32.491,10.25,8.402,M0,1.389,16.093,14.328,-9.185,5.26E-06,4.95E-05,1.70E-06,Eri
211183,39 Ari,Lilii Borea,2.79848361,29.2471177,52.5239,150.336,-124.838,-15.726,4.52,0.918,K1III,1.112,34.069,30.652,25.662,-2.45E-05,2.95E-05,-3.56E-05,Ari
213240,,Nushagak,2.82902362,71.75323322,77.4341,90.848,-33.013,-3.286,8.17,3.725,G5,0.643,17.894,16.36,73.54,-1.51E-05,3.24E-05,-7.07E-06,Cas
213523,41 Ari,Bharani,2.83306504,27.26050911,50.7872,65.47,-116.59,4,3.61,0.081,B8V,-0.1,33.288,30.498,23.262,1.49E-06,2.32E-05,-2.36E-05,Ari
214331,15Eta Per,Miram,2.84494742,55.8954932,306.2089,16.346,-13.518,-1,3.77,-3.66,K3IB,1.69,126.232,116.378,253.546,-4.65E-06,2.87E-05,-1.21E-05,Per
214743,2Tau-2 Eri,Angetenar,2.85064437,-21.00402309,59.5486,-52.886,-21.805,-9,4.76,0.886,K0 III,0.906,40.8157,37.743,-21.3446,2.40E-06,-1.86E-05,-2.58E-06,Eri
220725,3Eta Eri,Azha,2.940458,-8.898144,41.292,78.2,-219.121,-20,3.89,0.811,K1III-IV,1.088,29.293,28.393,-6.387,-3.03E-05,-7.55E-06,-4.02E-05,Eri
222736,The-1 Eri,Acamar,2.971023,-40.304672,50.2393,-52.273,23.058,12,2.88,-0.625,A4III+...,0.128,27.296,26.885,-32.497,1.82E-05,4.60E-08,-3.66E-06,Eri
224752,,Ayeyarwady,3.0029601,-20.80260098,161.6618,-19.599,-22.666,-13.719,7.81,1.767,G8/K0 IV,0.936,106.777,106.943,-57.414,-2.86E-06,-2.46E-05,-1.16E-05,Eri
226964,92Alp Cet,Menkar,3.03799228,4.08973824,76.3942,-11.81,-78.76,-26,2.54,-1.875,M2 III,1.63,53.343,54.414,5.448,-1.40E-05,-2.05E-05,-3.10E-05,Cet
233283,26Bet Per,Algol,3.13614714,40.9556512,27.571,2.39,-1.44,4,2.09,-0.112,B8V,-0.003,14.189,15.239,18.072,1.96E-06,2.57E-06,2.54E-06,Per
234642,27Kap Per,Misam,3.1582707,44.85753454,34.8051,165.691,-138.559,29,3.79,1.082,K0III,0.98,16.7087,18.1536,24.5495,4.83E-06,4.65E-05,4.35E-06,Per
236923,57Del Ari,Botein,3.19382412,19.7266757,50.5738,153.871,-5.586,25,4.35,0.83,K2III,1.033,31.9117,35.3264,17.0708,-1.16E-05,4.35E-05,7.34E-06,Ari
237428,Alp For,Dalim,3.201249,-28.987618,13.999,359.565,619.186,-20,3.8,3.07,F8V,0.543,8.1908,9.1023,-6.7837,-1.65E-05,1.82E-05,4.67E-05,For
241594,13Zet Eri,Zibal,3.26389562,-8.81973052,36.503,-2.8,46.883,-4,4.8,1.988,A2 III,0.232,23.685,27.206,-5.597,-1.45E-06,-2.41E-06,8.83E-06,Eri
246055,,82 G. Eri,3.33212526,-43.06978094,6.0414,3035.017,726.964,86.7,4.26,5.354,G8V,0.711,2.8381,3.3799,-4.1256,-1.71E-05,0.000117902,-4.50E-05,Eri
246919,,Intan,3.34519282,-33.73010074,47.7189,292.619,96.116,46.242,9.92,6.527,K3/4 III/V,1.037,25.415,30.48,-26.497,-1.89E-05,8.30E-05,-7.77E-06,For
250909,33Alp Per,Mirfak,3.40537459,49.86124281,155.2795,24.11,-26.01,-2,1.79,-4.166,F5IB,0.481,62.885,77.881,118.709,-5.55E-06,2.20E-05,-1.42E-05,Per
260533,18Eps Eri,Ran,3.54884565,-9.458263,3.2198,-974.758,20.876,16.9,3.72,6.181,K2 V,0.881,1.9012,2.5439,-0.5296,2.24E-05,4.59E-06,-2.52E-06,Eri
267961,,Tupi,3.66197141,-52.91584563,33.4859,-192.838,-92.021,0.658,7.12,4.496,F8/G0 V,0.583,11.602,16.526,-26.713,1.90E-05,-2.74E-05,-9.54E-06,Ret
271928,23Del Eri,Rana,3.72080599,-9.76339431,9.0888,-93.634,744.36,-5.1,3.52,3.727,K0 IV,0.915,5.0336,7.4091,-1.5411,3.65E-06,-1.97E-06,3.32E-05,Eri
273165,38Omi Per,Atik,3.73864845,32.28824964,330.8681,6.091,-9.732,19,3.84,-3.758,B1II,0.022,156.087,232.105,176.743,5.71E-06,2.60E-05,-2.82E-06,Per
273677,16 Tau,Celaeno,3.74672615,24.28946632,135.4051,19.849,-44.966,16.494,5.45,-0.208,B7IV,-0.034,68.656,102.56,55.698,4.48E-06,3.01E-05,-2.00E-05,Tau
273761,17 Tau,Electra,3.747927,24.113339,119.8224,20.542,-46.081,4.796,3.72,-1.673,B6III,-0.105,60.81,90.902,48.953,-1.35E-06,1.94E-05,-2.24E-05,Tau
274126,19 Tau,Taygeta,3.75347074,24.46726881,104.7735,16.292,-47.206,6,4.3,-0.801,B6IV,-0.11,52.9101,79.3409,43.3948,1.72E-06,1.75E-05,-1.93E-05,Tau
274844,20 Tau,Maia,3.76377969,24.36775119,130.3558,19.516,-45.527,16.286,3.87,-1.706,B7III,-0.063,65.614,98.969,53.784,4.66E-06,2.94E-05,-1.93E-05,Tau
274922,21 Tau,Asterope,3.76513238,24.55451092,136.8874,20.331,-46.022,11.793,5.76,0.078,B8V,-0.036,68.762,103.798,56.885,1.82E-06,2.72E-05,-2.28E-05,Tau
275407,23 Tau,Merope,3.77210352,23.94834792,141.5028,13.075,-48.404,6,4.14,-1.614,B6IV,-0.051,71.2236,107.9402,57.4376,3.03E-06,2.09E-05,-2.79E-05,Tau
276732,25Eta Tau,Alcyone,3.79141,24.105137,123.6094,19.35,-43.11,10,2.85,-2.61,B7III,-0.086,61.665,94.489,50.484,1.16E-06,2.30E-05,-1.94E-05,Tau
278603,27 Tau,Atlas,3.81937298,24.05341343,123.1762,19.079,-46.193,9,3.62,-1.833,B8III,-0.07,60.782,94.643,50.205,1.03E-06,2.27E-05,-2.14E-05,Tau
278635,28 Tau,Pleione,3.81978241,24.13670934,138.0953,19.496,-47.65,4,5.05,-0.651,B7P,-0.082,68.088,106.045,56.469,-1.92E-06,2.12E-05,-2.74E-05,Tau
288992,34Gam Eri,Zaurak,3.96715748,-13.50851619,58.818,62.227,-112.006,62,2.97,-0.878,"M1 IIIBCA-1,CR-1",1.588,29.0203,49.2816,-13.7393,1.22E-05,5.57E-05,-4.59E-05,Eri
290041,46Xi Per,Menkib,3.98275007,35.79103224,408.8811,0.778,2.621,70,3.98,-4.078,O7,0.016,167.128,286.479,239.126,2.64E-05,4.83E-05,4.61E-05,Per
305466,38Omi-1 Eri,Beid,4.19776094,-6.83757967,38.3,10.233,81.858,11,4.04,1.124,F1 IV,0.327,17.284,33.873,-4.56,4.21E-06,1.24E-05,1.38E-05,Eri
309538,40Omi-2 Eri,Keid,4.254537,-7.652871,5.0098,-2240.085,-3421.809,-42.7,4.43,5.931,K1V,0.82,2.1911,4.4555,-0.6674,2.48E-05,-7.28E-05,-7.66E-05,Eri
314752,54Gam Tau,Prima Hyadum,4.32988998,15.6276446,46.1584,116.247,-23.368,39,3.65,0.329,G9III,0.981,18.823,40.27,12.434,-6.71E-06,4.71E-05,5.71E-06,Tau
318515,61Del-1 Tau,Secunda Hyadum,4.38224798,17.54251527,49.2388,106.212,-27.692,39,3.77,0.308,K0III,0.983,19.295,42.801,14.841,-6.67E-06,4.69E-05,5.72E-06,Tau
319791,43 Eri,Beemim,4.40061542,-34.01685264,89.8715,67.572,48.489,24,3.97,-0.798,K4 III,1.468,30.2881,68.0568,-50.2777,-1.38E-05,4.14E-05,3.78E-06,Eri
325151,74Eps Tau,Ain,4.47694409,19.18043252,44.712,107.526,-36.2,39,3.53,0.278,K0III,1.014,16.396,38.917,14.69,-5.85E-06,4.61E-05,5.69E-06,Tau
325205,78The-2 Tau,Chamukuy,4.4777058,15.87088179,45.8453,106.148,-20.294,40,3.4,0.094,A7III,0.179,17.1133,40.6425,12.5372,-6.00E-06,4.66E-05,6.85E-06,Tau
328542,,Hoggar,4.52373696,4.57529046,186.2965,1.403,-10.49,61.606,8.38,2.029,G8 IV,1.008,69.998,172.005,14.861,2.28E-05,5.93E-05,-4.42E-06,Tau
333416,52Ups-2 Eri,Theemin,4.59251087,-30.56233717,64.7245,-49.422,-12.543,-4,3.81,-0.245,G8 III,0.957,20.075,51.992,-32.911,1.25E-05,-1.07E-05,-1.31E-06,Eri
333847,87Alp Tau,Aldebaran,4.5986668,16.50976164,20.4332,62.78,-189.36,54.5,0.87,-0.682,K5III,1.538,7.027,18.288,5.807,1.53E-05,5.71E-05,-2.15E-06,Tau
336467,53 Eri,Sceptrum,4.63633996,-14.30397756,34.6298,-79.531,-153.335,41.8,3.86,1.163,K1 III,1.082,11.7272,31.441,-8.5563,2.48E-05,2.82E-05,-3.55E-05,Eri
350878,1Pi-3 Ori,Tabit,4.83066954,6.96127723,8.0244,463.954,11.937,24.4,3.19,3.668,F4V,0.484,2.4008,7.5954,0.9727,-9.76E-06,2.90E-05,3.49E-06,Ori
351497,,Mouhoun,4.83829483,-24.36883996,131.6398,18.469,-19.837,35.515,7.91,2.313,K0 III,0.961,35.91,114.409,-54.316,-2.90E-06,3.01E-05,-2.65E-05,Eri
360575,3Iot Aur,Hassaleh,4.94989374,33.16608905,137.9488,3.817,-17.786,18,2.69,-3.009,K3II,1.49,31.348,111.139,75.467,3.49E-06,2.18E-05,1.14E-07,Aur
368017,7Eps Aur,Almaaz,5.032815,43.823308,1012.2668,0.883,-3.065,-3,3.03,-6.996,F0Ia,0.537,182.956,707.041,700.931,-2.14E-06,9.03E-06,-1.30E-05,Aur
368829,8Zet Aur,Saclateni,5.04130224,41.07583522,702.05,12.093,-19.324,13,3.69,-5.542,K4IB-II,1.154,131.44,512.6519,461.2868,-2.66E-05,6.18E-05,-4.08E-05,Aur
375368,10Eta Aur,Haedus,5.10858,41.234474,71.3228,29.771,-68.325,7,3.18,-1.086,B3V,-0.148,12.404,52.182,47.012,-5.17E-06,2.28E-05,-1.30E-05,Aur
377630,67Bet Eri,Cursa,5.130829,-5.086446,27.5896,-88.481,-70.497,-9.2,2.78,0.576,A3IIIvar,0.161,6.1992,26.7726,-2.446,9.23E-06,-1.26E-05,-8.56E-06,Eri
380548,,Mago,5.16020007,69.63940664,121.667,61.031,-62.382,-6.785,6.43,1.004,K1III,1.101,9.232,41.312,114.065,-2.81E-05,3.92E-05,-1.93E-05,Cam
384081,,Kapteyn's Star,5.1946133,-45.01851748,3.9339,6491.223,-5708.614,245.053,8.86,10.886,M0V,1.543,0.582,2.719,-2.783,-0.000100099,0.000123835,-0.000254228,Pic
388910,19Bet Ori,Rigel,5.24229757,-8.20163919,264.5503,1.87,-0.56,21,0.18,-6.933,B8 Ia,-0.03,51.601,256.71,-37.74,1.82E-06,2.12E-05,-3.77E-06,Ori
392532,13Alp Aur,Capella,5.27813768,45.99902927,13.1234,75.52,-427.13,22.2,0.08,-0.51,G0III,0.795,1.713,8.954,9.44,1.92E-06,3.56E-05,-2.55E-06,Aur
407012,24Gam Ori,Bellatrix,5.41885228,6.34973451,77.3994,-8.75,-13.28,18,1.64,-2.804,B2III,-0.224,11.659,76.036,8.56,6.10E-06,1.81E-05,-2.92E-06,Ori
409060,112Bet Tau,Elnath,5.43819387,28.60787346,41.0509,23.28,-174.22,9,1.65,-1.417,B7III,-0.13,5.282,35.65,19.655,-9.65E-07,2.51E-05,-2.60E-05,Tau
412544,9Bet Lep,Nihal,5.470756,-20.759441,47.9164,-5.748,-83.65,-14,2.81,-0.592,G5II,0.807,6.1879,44.3763,-16.9837,-1.48E-06,-2.03E-05,-1.31E-05,Lep
419386,34Del Ori,Mintaka,5.53344367,-0.29908071,212.3142,1.67,0.56,16,2.25,-4.385,O9.5 II,-0.175,25.868,210.73,-1.108,2.88E-07,1.65E-05,4.91E-07,Ori
420805,11Alp Lep,Arneb,5.545504,-17.822289,594.6295,3.364,1.484,24,2.58,-6.291,F0Ib,0.211,67.199,562.091,-181.996,-6.70E-06,2.57E-05,-3.44E-06,Lep
425270,39Lam Ori,Meissa,5.58563248,9.93415437,336.7003,-1.03,-1.86,34,3.39,-4.246,O7.5(II),-0.16,35.908,329.703,58.086,5.44E-06,3.44E-05,3.01E-06,Ori
425847,44Iot Ori,Hatysa,5.590551,-5.909901,500.7762,-2.816,-1.693,22,2.75,-5.748,O9III,-0.21,53.2924,495.2554,-51.5621,9.15E-06,2.11E-05,-6.41E-06,Ori
427355,46Eps Ori,Alnilam,5.60355905,-1.20191725,606.0606,1.49,-1.06,26,1.69,-7.223,B0 Ia,-0.184,62.775,602.667,-12.713,-1.61E-06,2.68E-05,-3.67E-06,Ori
428894,,Bubup,5.6172268,-73.69934416,38.0439,138.794,-108.499,61.504,6.69,3.789,G0/1 V,0.584,1.068,10.625,-36.515,-2.56E-05,1.02E-06,-6.60E-05,Men
430018,123Zet Tau,Tianguan,5.627413,21.142549,136.4256,2.39,-18.04,20,2.97,-2.704,B4IIIp,-0.148,12.392,126.638,49.207,7.04E-07,2.34E-05,-3.75E-06,Tau
433710,Alp Col,Phact,5.660817,-34.074108,87.7132,1.685,-24.345,35,2.65,-2.065,B7IV,-0.12,6.443,72.368,-49.143,1.40E-06,2.38E-05,-2.86E-05,Col
435703,50Zet Ori,Alnitak,5.67931245,-1.94257841,225.7336,3.99,2.54,18,1.74,-5.028,O9.5 Ib,-0.199,18.918,224.809,-7.652,-2.80E-06,1.88E-05,2.15E-06,Ori
448767,53Kap Ori,Saiph,5.79594109,-9.66960186,198.4127,1.55,-1.2,21,2.07,-4.418,B0.5 Ia,-0.168,10.444,195.315,-33.327,-3.69E-07,2.10E-05,-4.75E-06,Ori
454990,Bet Col,Wazn,5.84933134,-35.76830949,27.0975,54.452,404.6,89,3.12,0.955,K1.5 III,1.146,0.867,21.969,-15.839,-3.01E-06,0.00010512,-1.01E-05,Col
463434,58Alp Ori,Betelgeuse,5.91952477,7.40703634,152.6718,27.33,10.86,21,0.45,-5.469,M2IA,1.5,3.189,151.364,19.682,-1.98E-05,2.07E-05,1.07E-05,Ori
473063,34Bet Aur,Menkalinan,5.99215817,44.94743492,24.8694,-56.41,-0.88,-19.4,1.9,-0.078,A2IV,0.077,0.036,17.601,17.569,6.77E-06,-1.40E-05,-1.41E-05,Aur
473490,37The Aur,Mahasim,5.995351,37.212585,50.7614,42.09,-73.61,30,2.65,-0.878,A0p Si,-0.083,0.049,40.426,30.699,-1.03E-05,3.54E-05,4.13E-06,Aur
491231,The Col,Elkurud,6.12545339,-37.25292059,239.6287,0.391,0.121,45,5,-1.898,B(8) IV,-0.095,-6.263,190.635,-145.056,-1.66E-06,3.67E-05,-2.77E-05,Col
505845,,Amadioha,6.22657194,-29.8972636,62.4333,147.648,16.6,72.449,8.98,5.003,G8/K0 IV/V,0.817,-3.209,54.029,-31.12,-4.86E-05,6.40E-05,-3.26E-05,CMa
508896,7Eta Gem,Propus,6.247961,22.506799,117.9245,-62.53,-10.24,19,3.31,-2.048,M3III,1.6,-7.067,108.713,45.141,3.44E-05,2.25E-05,2.03E-06,Gem
521604,,Red Rectangle,6.3328377,-10.63742128,440.5286,-10.98,-21.1,,8.85,0.63,B9 Ib/II,0.344,-37.679,431.315,-81.319,2.41E-05,-6.25E-06,-4.43E-05,Mon
522429,1Zet CMa,Furud,6.338553,-30.063367,105.3496,6.084,4.247,32,3.02,-2.093,B2.5V,-0.16,-8.071,90.819,-52.776,-5.70E-06,2.90E-05,-1.45E-05,CMa
528279,2Bet CMa,Mirzam,6.37832983,-17.95591658,151.0574,-3.45,0.47,34,1.98,-3.916,B1 II/III,-0.24,-14.21,142.996,-46.569,-7.47E-07,3.31E-05,-1.10E-05,CMa
528912,13Mu Gem,Tejat,6.382673,22.513586,71.0227,56.84,-108.79,55,2.87,-1.387,M3IIIvar,1.621,-6.562,65.281,27.195,-2.61E-05,6.40E-05,-1.31E-05,Gem
531292,Alp Car,Canopus,6.39919184,-52.69571799,94.7867,19.99,23.67,21,-0.62,-5.504,F0 II,0.164,-5.993,57.132,-75.396,-1.14E-05,2.06E-05,-1.05E-05,Car
542874,,Lucilinburhuc,6.47936452,38.96296146,46.9682,-42.748,-53.736,-20.823,7.89,4.531,G5,0.74,-4.571,36.233,29.534,1.08E-05,-7.58E-06,-2.29E-05,Aur
543927,,Lusitânia,6.48699763,10.93389768,34.9068,206.208,-62.55,-5.075,8.1,5.385,K5,0.846,-4.358,33.995,6.621,-3.42E-05,-7.50E-06,-1.14E-05,Mon
544315,,Ross 614,6.48972087,-2.81247539,4.1268,694.73,-618.62,16.7,11.12,13.042,M4.5Ve,1.69,-0.527,4.088,-0.203,-1.59E-05,1.45E-05,-1.32E-05,Mon
564533,24Gam Gem,Alhena,6.62852843,16.39941482,33.5121,-2.04,-66.92,-13,1.93,-0.696,A0IV,0.001,-5.266,31.714,9.461,1.91E-06,-9.50E-06,-1.42E-05,Gem
570519,,Nosaxa,6.66714607,-48.5419582,90.8556,26.513,29.76,23.514,8.05,3.258,G5 IV/V,0.747,-10.453,59.238,-68.091,-1.60E-05,2.33E-05,-9.34E-06,Pup
581317,27Eps Gem,Mebsuta,6.73220163,25.13112434,266.8336,-4.853,-11.78,10,3.06,-4.071,G8IB,1.377,-46.024,237.15,113.322,3.17E-06,1.66E-05,-9.45E-06,Gem
584955,9Alp CMa,Sirius,6.7525694,-16.71314306,2.6371,-546.01,-1223.08,-9.4,-1.44,1.454,A0m...,0.009,-0.494,2.477,-0.758,9.53E-06,-1.21E-05,-1.22E-05,CMa
585396,31Xi Gem,Alzirr,6.7548235,12.89558957,18.4538,-114.564,-191.671,30,3.35,2.02,F3IV,0.443,-3.532,17.638,4.118,3.43E-06,3.51E-05,-9.87E-06,Gem
603861,,Nervia,6.85847681,40.86775354,42.8787,34.682,-122.686,11.984,8.1,4.939,G0,0.729,-7.226,31.61,28.056,-1.28E-05,2.37E-05,-1.13E-05,Aur
624992,21Eps CMa,Adhara,6.9770963,-28.97208931,124.2236,2.63,2.29,27,1.5,-3.971,B2 II,-0.211,-27.498,105.142,-60.172,-7.81E-06,2.36E-05,-1.22E-05,CMa
630089,,Citalá,7.00501022,-5.3671596,29.9177,-116.513,80.633,53.989,6.29,3.91,G0 V,0.572,-7.747,28.761,-2.798,1.74E-06,5.85E-05,6.48E-06,Mon
634345,22Sig CMa,Nganurganity,7.02865206,-27.93483318,398.6394,-5.714,4.89,22,3.49,-4.513,K4 III,1.729,-93.703,339.496,-186.749,4.18E-06,2.64E-05,-2.19E-06,CMa
640635,23Gam CMa,Muliphein,7.06263684,-15.63328488,131.8925,0.931,-11.435,32,4.11,-1.491,B8 II,-0.112,-34.881,122.13,-35.542,-8.69E-06,2.82E-05,-1.59E-05,CMa
641742,43Zet Gem,Mekbuda,7.0684809,20.57029288,325.4241,-7.738,-0.943,-0.831,4.01,-3.552,F7-G3IB,0.899,-84.119,292.833,114.34,1.18E-05,3.11E-06,-1.69E-06,Gem
655257,25Del CMa,Wezen,7.139857,-26.3932,492.6108,-2.75,3.33,34,1.83,-6.633,F8Ia,0.671,-129.733,421.761,-218.98,-3.92E-06,3.51E-05,-8.33E-06,CMa
691766,55Del Gem,Wasat,7.335383,21.98232,18.598,-27.722,-14.702,-15.3,3.5,2.153,F0IV...,0.374,-5.9067,16.2023,6.9621,7.15E-06,-1.23E-05,-7.09E-06,Gem
703984,31Eta CMa,Aludra,7.40158474,-29.30311979,609.7561,-3.76,6.66,41,2.45,-6.476,B5 IA,-0.083,-190.762,496.337,-298.433,-6.20E-06,4.71E-05,-3.35E-06,CMa
713289,3Bet CMi,Gomeisa,7.452512,8.289315,49.5786,-50.28,-38.45,22,2.89,-0.586,B8Vvar,-0.097,-18.21,45.556,7.148,2.46E-06,2.64E-05,-5.90E-06,CMi
714068,,Luyten's Star,7.45680611,5.22579983,3.7861,571.232,-3691.487,17.353,9.84,11.949,M5,1.573,-1.403,3.499,0.345,-1.86E-05,1.82E-05,-6.59E-05,CMi
735275,66Alp Gem,Castor,7.57666793,31.88863645,15.5958,-206.33,-148.18,6,1.58,0.615,A1V,0.034,-5.312,12.13,8.239,9.83E-06,1.65E-05,-6.27E-06,Gem
748861,71Omi Gem,Jishui,7.65275885,34.58435476,51.7229,-37.975,-105.132,13.705,4.89,1.322,F3III,0.413,-17.856,38.659,29.359,-2.47E-06,2.81E-05,-1.37E-05,Gem
749263,10Alp CMi,Procyon,7.65514946,5.22750767,3.5142,-716.57,-1034.58,-4,0.4,2.671,F5IV-V,0.432,-1.469,3.176,0.32,1.21E-05,2.89E-06,-1.79E-05,CMi
749430,,Ceibo,7.65606864,-78.27897264,37.659,-19.556,-39.926,33.613,9.37,6.491,K4 V,1.006,-3.214,6.942,-36.874,3.30E-06,1.36E-06,-3.51E-05,Cha
767229,78Bet Gem,Pollux,7.75537884,28.02631031,10.3584,-625.69,-45.95,3.6,1.16,1.084,K0III,0.991,-4.055,8.195,4.867,2.62E-05,1.78E-05,-3.07E-07,Gem
774070,,Tapecue,7.79714391,-54.26415395,32.5169,148.628,-278.753,22.362,8.1,5.539,G6 IV/V,0.745,-8.609,16.928,-26.395,-1.08E-05,-3.05E-05,-4.42E-05,Car
778244,7Xi Pup,Azmidi,7.821571,-24.85978712,332.6791,-3.61,-2.579,3,3.34,-4.27,G6 IA,1.218,-138.5554,268.175,-139.8584,4.70E-06,3.59E-06,-5.06E-06,Pup
804868,,Kaewkosin,7.985082,15.392426,29.39689334,-185.706,-56.994,26.341,12.33,9.988,,,-14.075,24.6,7.803,9.00E-06,3.76E-05,-6.81E-07,Cnc
816929,Zet Pup,Naos,8.05974171,-40.00318846,332.2259,-30.82,16.77,-24,2.21,-5.397,O5 IAF,-0.269,-130.675,218.376,-213.565,4.33E-05,2.43E-05,3.65E-05,Pup
825569,,Maru,8.113936,-66.299883,19.23187876,335.519,-288.994,,13.92,12.5,,0.05,-4.064,6.576,-17.61,-1.36E-05,-3.74E-05,-1.08E-05,Vol
827335,15Rho Pup,Tureis,8.125737,-24.304324,19.4553,-82.886,46.93,46,2.83,1.385,F2mF5IIp,0.458,-9.3662,15.0555,-8.0081,-1.70E-05,4.21E-05,-1.53E-05,Pup
839167,16Zet-2 Cnc,Tegmine,8.20354603,17.64774942,25.0815,28.29,-150.94,-11,4.67,2.673,F8V,0.531,-13.036,20.033,7.604,-7.16E-08,-6.20E-06,-2.09E-05,Cnc
849883,17Bet Cnc,Tarf,8.27525572,9.1855446,98.9845,-45.679,-49.505,22,3.53,-1.448,K4III,1.481,-54.824,80.886,15.801,3.56E-06,3.38E-05,-1.99E-05,Cnc
854423,,Násti,8.30615841,61.46072288,60.3871,128.266,30.427,-69.332,8.2,4.295,G0,0.652,-16.379,23.75,53.049,-7.24E-06,-5.56E-05,-5.80E-05,UMa
859735,19Lam Cnc,Piautos,8.34225995,24.02231191,174.3304,-20.843,-18.97,27.012,5.92,-0.287,B9V,-0.039,-91.636,130.221,70.969,-3.87E-06,3.61E-05,-3.40E-06,Cnc
864482,Eps Car,Avior,8.3752402,-59.50953829,185.5288,-25.34,22.72,2,1.86,-4.482,K3: III + B2: V,1.196,-54.837,76.515,-159.873,7.66E-06,2.84E-05,8.61E-06,Car
865279,31 Lyn,Alsciaukat,8.38058638,43.18813268,112.5771,-21.3,-100.621,24,4.25,-1.007,K5III,1.55,-47.9085,66.6494,77.0473,-2.29E-05,5.18E-05,-2.32E-05,Lyn
882500,1Omi UMa,Muscida,8.504431,60.718169,55.7617,-133.644,-107.664,20,3.35,-0.382,G4II-III,0.856,-16.628,21.618,48.637,7.06E-06,5.01E-05,3.60E-06,UMa
901191,5Sig Hya,Minchir,8.64595486,3.34143606,115.0916,-19.312,-16.031,26.833,4.45,-0.855,K2 III,1.216,-73.375,88.415,6.708,-9.54E-06,2.84E-05,-7.33E-06,Hya
902283,,Gakyid,8.65438972,12.96037353,83.6287,-114.147,-93.787,9.756,8.23,3.618,G5,0.962,-52.185,62.599,18.756,2.39E-05,4.37E-05,-3.48E-05,Cnc
904816,41Eps Cnc,Meleph,8.67416982,19.54480626,185.7482,-36.293,-12.133,30,6.29,-0.055,A6III,0.17,-112.78,133.871,62.141,4.01E-06,4.60E-05,-3.27E-08,Cnc
910644,43Gam Cnc,Asellus Borealis,8.72142952,21.46849861,53.6392,-105.76,-39.157,36.17,4.66,1.013,A1V,0.01,-32.631,37.775,19.631,-4.13E-06,4.68E-05,4.06E-06,Cnc
913598,47Del Cnc,Asellus Australis,8.74475018,18.15430914,41.969,-18.435,-227.813,17,3.94,0.825,K0III,1.083,-26.2537,30.0195,13.0765,-1.76E-05,2.58E-05,-3.86E-05,Cnc
913633,Del Vel,Alsephina,8.74505481,-54.70856797,24.6975,28.78,-104.14,2.2,1.93,-0.033,A0 V,0.043,-9.394,10.74,-20.159,3.25E-06,-8.95E-06,-9.04E-06,Vel
917915,11Eps Hya,Ashlesha,8.77959108,6.41877721,39.6354,-231.04,-40.17,36,3.38,0.39,G0III-IV,0.685,-26.198,29.411,4.431,8.24E-06,5.75E-05,-3.55E-06,Hya
929640,55Rho-1 Cnc,Copernicus,8.87661457,28.33082116,12.5868,-485.681,-233.517,27.188,5.96,5.46,G 8 V,0.869,-7.577,8.083,5.973,2.60E-07,4.31E-05,6.52E-07,Cnc
932096,,Stribor,8.89744575,33.05680972,78.0581,-95.11,-28.503,21.793,8.03,3.568,G0,0.626,-45.002,47.486,42.578,9.23E-06,4.26E-05,3.12E-06,Lyn
940655,65Alp Cnc,Acubens,8.9747827,11.85768694,54.5542,42.181,-31.16,-14.79,4.26,0.576,AM,0.141,-37.5022,38.0011,11.21,1.27E-06,-1.72E-05,-1.12E-05,Cnc
941942,9Iot UMa,Talitha,8.986828,48.041826,14.7057,-439.836,-214.071,13,3.12,2.283,A7IV,0.223,-6.928,6.976,10.936,7.99E-06,3.65E-05,-3.17E-07,UMa
944814,,Ross 686,9.014005,5.242018,22.15104354,-259.45,-210.197,7,12.68,10.953,,1.47,-15.654,15.539,2.024,1.31E-05,2.62E-05,-2.18E-05,Hya
944815,,Ross 687,9.01402076,5.24204999,22.1485,-255.426,-207.223,-37.1,12.37,10.643,M4,1.455,-15.6524,15.5382,2.0232,4.47E-05,-5.72E-06,-2.56E-05,Hya
949805,12Kap UMa,Alkaphrah,9.060427,47.156525,109.8901,-37.37,-55.39,4,3.57,-1.635,A1Vn,0.007,-53.668,51.996,80.573,-3.68E-06,3.13E-05,-1.71E-05,UMa
957613,Lam Vel,Suhail,9.13326613,-43.43258995,166.9449,-23.21,14.28,18,2.23,-3.883,K4 III,1.665,-88.663,82.682,-114.775,-2.78E-06,2.83E-05,-4.26E-06,Vel
960080,77Xi Cnc,Nahn,9.15598204,22.04545887,124.9375,-3.147,9.159,-7,5.16,-0.323,K0III,0.97,-85.1593,78.4733,46.894,7.70E-06,-4.51E-06,2.46E-06,Cnc
966940,Bet Car,Miaplacidus,9.22006689,-69.71747245,34.6981,-157.66,108.91,-5,1.67,-1.032,A1 III,0.07,-8.981,8.002,-32.547,6.14E-06,3.01E-05,1.11E-05,Car
973979,Iot Car,Aspidiske,9.284838,-59.275229,234.7418,-19.03,13.11,13,2.21,-4.643,A8Ib,0.189,-90.888,78.252,-201.792,-7.36E-07,2.92E-05,-3.81E-06,Car
982982,Kap Vel,Markeb,9.36856367,-55.01069531,175.4386,-10.72,11.24,22,2.47,-3.751,B2 IV/V,-0.141,-77.658,63.951,-143.73,-1.02E-05,2.02E-05,-1.30E-05,Vel
992688,30Alp Hya,Alphard,9.45979003,-8.65860165,55.2792,-14.49,33.25,-4,1.99,-1.723,K3 II-III,1.44,-43.003,33.723,-8.322,4.52E-06,1.39E-06,9.43E-06,Hya
994523,,Intercrus,9.47777513,45.60148152,84.6292,-7.184,-129.318,38.592,5.4,0.762,K 0 III-IV,0.993,-46.764,36.318,60.467,-4.99E-05,4.25E-05,-8.92E-06,UMa
999854,4Lam Leo,Alterf,9.5286743,22.96797209,114.2145,-18.45,-36.303,27,4.32,-0.969,K5III,1.541,-83.907,63.389,44.568,-2.04E-05,2.82E-05,-7.73E-06,Leo
1006897,,Illyrian,9.59588354,34.7807452,126.6568,16.321,-35.251,12.504,7.62,2.107,G0,0.864,-84.095,61.237,72.25,-2.44E-05,5.35E-06,-1.05E-05,LMi
1009425,,Kalausi,9.6199519,-43.27220617,40.8507,21.805,-120.094,28.991,8.23,5.174,K0/1 V + G (III),0.811,-24.154,17.357,-28.002,-6.81E-06,-4.23E-07,-3.76E-05,Vel
1013912,35Iot Hya,Ukdah,9.66426713,-1.14280908,77.4862,46.27,-62.544,23,3.9,-0.546,K2 III,1.313,-63.432,44.475,-1.545,-2.89E-05,-1.00E-06,-2.40E-05,Hya
1016167,14Omi Leo,Subra,9.68584283,9.89230752,41.3264,-142.621,-37.338,27,3.52,0.439,A2+F6II,0.516,-33.466,23.184,7.1,-7.15E-06,3.97E-05,-2.63E-06,Leo
1021914,,Añañuca,9.74162015,-45.77650213,9.4186,-462.621,-582.668,47.423,10.22,10.35,M1:,1.53,-5.454,3.662,-6.75,-4.81E-07,2.58E-05,-5.33E-05,Vel
1024340,17Eps Leo,Ras Elased Australis,9.76418707,23.77425356,69.7377,-46.154,-10.799,4,2.97,-1.247,G0I-II,0.808,-53.196,35.259,28.114,4.27E-06,1.59E-05,-1.69E-06,Leo
1031659,,Natasha,9.83402696,-49.79026178,33.5264,24.523,-60.128,32.939,8.54,5.913,K1 V,0.855,-18.257,11.626,-25.604,-1.42E-05,4.31E-06,-3.20E-05,Vel
1034133,39Ups-1 Hya,Zhang,9.85797034,-14.84661184,80.9061,18.68,-21.88,-15,4.11,-0.43,G6/8 III,0.918,-66.227,41.593,-20.731,1.05E-05,-1.53E-05,-4.36E-06,Hya
1036347,24Mu Leo,Rasalas,9.8793937,26.00695148,38.3184,-216.266,-55.125,14,3.88,0.963,K2III,1.222,-29.2656,18.1523,16.8019,6.42E-06,4.33E-05,-2.93E-06,Leo
1039980,,Felis,9.91450229,-19.00935839,176.0904,-45.386,-40.456,53.68,4.94,-1.289,K5 III,1.559,-142.2832,86.4501,-57.3563,-1.46E-05,5.42E-05,-5.05E-05,Hya
1042164,,Bibha,9.93497795,-3.80842707,103.3242,-66.939,16.178,30.797,8.73,3.659,G1 V,0.664,-88.393,53.06,-6.863,-1.01E-05,4.52E-05,5.99E-06,Sex
1063525,32Alp Leo,Regulus,10.13957205,11.96719513,24.3132,-249.4,4.91,6,1.36,-0.569,B7V,-0.087,-21.019,11.132,5.041,8.56E-06,2.87E-05,1.84E-06,Leo
1077796,36Zet Leo,Adhafera,10.278171,23.417311,71.2367,21.161,-8.263,-12.32,3.43,-0.834,F0III,0.307,-58.8392,28.4791,28.3112,6.20E-06,-1.11E-05,-7.63E-06,Leo
1078526,33Lam UMa,Tania Borealis,10.284952,42.914365,69.1592,-152.974,-49.462,13.82,3.45,-0.749,A2IV,0.029,-45.6293,21.9854,47.0909,2.77E-06,5.56E-05,-2.52E-06,UMa
1083342,41Gam-1 Leo,Algieba,10.3328227,19.84186032,39.8883,310.77,-152.88,-37,2.01,-0.994,K0P,1.128,-34.003,15.861,13.539,-2.24E-06,-6.53E-05,-4.07E-05,Leo
1087501,34Mu UMa,Tania Australis,10.37215027,41.4995165,56.1839,-73.749,28.259,-21,3.06,-0.688,M0III,1.603,-38.3159,17.395,37.2284,2.76E-05,9.53E-06,-8.47E-06,UMa
1124195,,Macondo,10.73914307,-33.57702091,28.4855,-92.635,-152.119,43.442,8.3,6.027,K3 V,0.945,-22.451,7.692,-15.754,-1.99E-05,2.03E-05,-4.21E-05,Ant
1138221,46 LMi,Praecipua,10.88852877,34.21487888,30.3757,90.625,-278.664,16,3.79,1.377,K0III-IV,1.04,-24.0632,7.2068,17.0798,-3.89E-05,-2.28E-06,-2.47E-05,LMi
1143129,,Wolf 359,10.941484,7.01532,2.408597344,-3866.338,-2699.215,19.57,13.45,16.541,,2,-2.3,0.654,0.294,-1.05E-05,4.99E-05,-2.88E-05,Leo
1144024,,Aiolos,10.95083778,-68.66734161,86.4613,-41.128,12.861,18.041,7.36,2.676,A8 III,0.23,-30.274,8.531,-80.537,-6.62E-06,1.98E-05,-1.52E-05,Car
1147773,47 UMa,Chalawan,10.99110354,40.43026,13.8875,-316.85,55.18,11.238,5.03,4.317,G0V,0.624,-10.205,2.76,9.006,-5.50E-07,2.22E-05,1.03E-05,UMa
1148268,7Alp Crt,Alkes,10.99624027,-18.29878471,49.0935,-462.303,128.614,47,4.08,0.625,K1 III,1.079,-45.0111,12.1083,-15.4138,-2.48E-05,0.000120606,1.40E-05,Crt
1151532,48Bet UMa,Merak,11.0306641,56.38234478,25.9047,79.959,32.365,-12,2.34,0.273,A0V,0.033,-13.8826,3.6002,21.5725,7.33E-06,-1.23E-05,-7.97E-06,UMa
1153939,,Lalande 21185,11.05561028,35.96989228,2.5461,-580.057,-4776.589,-85.111,7.49,10.461,M2V,1.502,-1.998,0.504,1.495,3.65E-05,-1.82E-06,-9.88E-05,UMa
1154608,50Alp UMa,Dubhe,11.06217691,61.75111888,37.679,-136.46,-35.25,-9,1.81,-1.07,F7V comp,1.061,-17.299,4.335,33.191,4.78E-06,2.45E-05,-1.12E-05,UMa
1156214,,Dingolay,11.07901531,-2.51321213,139.3011,27.824,-17.902,-1.398,8.21,2.49,G6 V,0.856,-135.141,33.231,-6.108,-2.59E-06,-1.87E-05,-1.20E-05,Leo
1169812,68Del Leo,Zosma,11.235138,20.523717,17.9147,143.31,-130.43,-20.2,2.56,1.294,A4V,0.128,-16.442,3.337,6.281,1.26E-05,-1.53E-05,-1.79E-05,Leo
1170001,70The Leo,Chertan,11.23733488,15.4295709,49.2223,-60.538,-78.675,6.888,3.33,-0.131,A0V,-0.003,-46.506,9.411,13.096,-8.69E-06,1.65E-05,-1.62E-05,Leo
1175087,,Hunahpú,11.29654263,-23.97540845,113.1674,-130.715,-16.761,-10.516,8.05,2.781,K0 III/IV,0.962,-101.655,18.936,-45.985,2.65E-05,6.80E-05,-4.03E-06,Crt
1175645,53Xi UMa,Alula Australis,11.30303213,31.52919433,10.4167,-425.24,-581.01,-15.9,4.33,4.241,G0V,0.59,-8.731,1.611,5.447,2.44E-06,2.14E-05,-3.35E-05,UMa
1175646,53Xi UMa,Alula Australis B,11.30303213,31.52919433,10.4167,-425.24,-581.01,-13.6,4.8,4.711,G0 Ve,,-8.731,1.611,5.447,4.66E-07,2.18E-05,-3.23E-05,UMa
1176044,54Nu UMa,Alula Borealis,11.30798248,33.09430465,125.277,-26.139,27.892,-9,3.49,-1.999,K3III,1.4,-103.236,18.911,68.404,1.95E-05,1.26E-05,9.17E-06,UMa
1183948,,Shama,11.4048211,-1.52906372,55.0115,-178.689,-159.528,33.252,9.1,5.398,G8/K0 IV,0.874,-54.326,8.534,-1.468,-2.51E-05,5.22E-05,-4.34E-05,Leo
1193840,1Lam Dra,Giausar,11.52339442,69.33107562,115.6631,-41.24,-18.851,7,3.82,-1.496,M0III,1.613,-40.508,5.081,108.219,-9.44E-06,2.45E-05,2.97E-06,Dra
1198837,,Formosa,11.58437593,20.44154732,138.2264,-59.897,-0.996,-5.161,6.45,0.747,G9III,1.01,-128.756,14.066,48.276,9.04E-06,3.94E-05,-2.47E-06,Leo
1199910,,Sagarmatha,11.59764586,-4.75570251,49.6055,-11.535,35.586,1.095,8.42,4.942,G8 V,0.76,-49.161,5.198,-4.113,-1.52E-06,2.95E-06,8.44E-06,Leo
1208459,,Noquisi,11.703064,26.70657,9.775,895.088,-813.55,8.87,10.67,10.719,M3,1.493,-8.706,0.678,4.393,-2.86E-05,-4.03E-05,-3.04E-05,Leo
1212137,,Uklun,11.7473508,-58.70370853,39.4429,-63.574,-70.331,49.517,7.47,4.49,G6 V,0.721,-20.444,1.354,-33.704,-1.40E-05,1.31E-05,-5.03E-05,Cen
1213317,,Flegetonte,11.76174752,2.82148303,29.357,-188.815,-113.269,1.89,8.07,5.731,K0 V,0.835,-29.264,1.828,1.445,-1.04E-06,2.70E-05,-1.60E-05,Vir
1213827,63Chi UMa,Taiyangshou,11.76750377,47.77940553,60.834,-138.297,28.66,-9,3.69,-0.231,K0III,1.181,-40.804,2.487,45.051,1.49E-05,4.00E-05,-1.14E-06,UMa
1216215,,Ross 128,11.795666,0.804563,3.3749,607.299,-1223.028,-31.1,11.12,13.479,M4.5V,1.746,-3.37,0.181,0.048,3.09E-05,-1.16E-05,-2.05E-05,Vir
1218019,94Bet Leo,Denebola,11.81774398,14.57233687,10.9999,-499.02,-113.78,-0.2,2.14,1.933,A3V,0.09,-10.634,0.508,2.768,-5.83E-08,2.66E-05,-5.92E-06,Leo
1220290,5Bet Vir,Zavijava,11.84492172,1.76471731,11.0018,740.746,-270.927,4.3,3.59,3.383,F9 V,0.518,-10.9877,0.4459,0.3392,-6.44E-06,-3.93E-05,-1.43E-05,Vir
1221255,,Aniara,11.85625276,57.64073276,122.413,-12.002,-17.53,-26.043,7.86,2.421,K 0 III,0.971,-65.472,2.465,103.403,5.73E-06,6.91E-06,-2.81E-05,UMa
1223504,,Groombridge 1830,11.88282,37.718679,9.1718,4002.655,-5817.8,-98.054,6.42,6.608,G8Vp,0.754,-7.25,0.224,5.613,-8.44E-05,-0.000175459,-0.000265961,UMa
1224714,64Gam UMa,Phecda,11.89717879,53.6947574,25.5037,107.76,11.16,-13,2.41,0.377,A0V,0.044,-15.095,0.406,20.553,8.62E-06,-1.36E-05,-9.90E-06,UMa
1240949,,Tonatiuh,12.08753247,76.90573431,100.7256,147.183,-92.464,-20.342,5.78,0.764,G9III,1.029,-22.814,-0.523,98.107,-3.76E-05,-7.28E-05,-3.05E-05,Cam
1245131,1Alp Crv,Alchiba,12.140225,-24.728875,14.9769,96.976,-40.023,2.9,4.02,3.143,F0IV/V,0.334,-13.594,-0.499,-6.265,-1.22E-06,-7.09E-06,-3.88E-06,Crv
1254346,Del Cru,Imai,12.25242117,-58.74892829,139.5072,-36.951,-11.296,22,2.79,-2.933,B2 IV,-0.193,-72.217,-4.779,-119.265,-6.78E-06,2.46E-05,-2.32E-05,Cru
1254749,69Del UMa,Megrez,12.257086,57.032617,24.7967,103.947,8.141,-12.387,3.32,1.348,A3Vvar,0.077,-13.463,-0.907,20.804,8.54E-06,-1.19E-05,-1.01E-05,UMa
1255242,4Gam Crv,Gienah,12.263437,-17.541929,47.1032,-159.58,22.31,-4,2.58,-0.785,B8III,-0.107,-44.806,-3.095,-14.197,-1.52E-07,3.65E-05,6.09E-06,Crv
1260755,15Eta Vir,Zaniah,12.33176502,-0.66679342,75.9348,-54.665,-17.642,2,3.89,-0.512,A2 IV,0.026,-75.6436,-6.5868,-0.8838,-3.71E-06,1.99E-05,-6.52E-06,Vir
1262718,Eps Cru,Ginan,12.35600253,-60.40114907,70.4232,-171.223,91.795,-5,3.59,-0.649,K3/4 III,1.389,-34.633,-3.237,-61.233,-3.01E-05,5.59E-05,1.99E-05,Cru
1268606,,Tupã,12.429557,-64.022088,38.8218,-182.666,-60.693,-5.026,6.99,4.045,F8/G0V,0.537,-16.898,-1.908,-34.899,8.58E-06,3.56E-05,-3.82E-07,Cru
1269694,Alp-1 Cru,Acrux,12.44331706,-63.09905586,98.7167,-35.37,-14.73,-11,0.77,-4.202,B0.5 IV,-0.243,-44.364,-5.172,-88.035,9.34E-06,1.81E-05,6.84E-06,Cru
1272895,,3C 273,12.48519455,2.05238781,,-11.01,4.38,,12.88,,,0.12,,,,,,,Vir
1273781,7Del Crv,Algorab,12.497739,-16.515432,26.2743,-209.276,-139.184,9,2.94,0.842,B9.5V,-0.012,-24.977,-3.273,-7.469,-7.22E-06,2.59E-05,-1.96E-05,Crv
1275392,Gam Cru,Gacrux,12.5194248,-57.11256922,27.1518,27.94,-264.33,21,1.59,-0.579,M4 III,1.6,-14.607,-1.999,-22.801,1.79E-05,-1.26E-06,-3.69E-05,Cru
1276618,,Funi,12.53532951,74.48954695,67.9469,-171.665,-48.488,-19.306,8.75,4.589,G0,0.645,-17.992,-2.538,65.472,-1.79E-05,5.46E-05,-2.33E-05,Dra
1278740,8Bet CVn,Chara,12.56237349,41.35747839,8.4727,-704.702,292.155,6.6,4.24,4.6,G0V,0.588,-6.2906,-0.9327,5.5979,-1.41E-06,2.91E-05,1.35E-05,CVn
1279520,9Bet Crv,Kraz,12.573121,-23.396759,45.4444,1.116,-56.704,-8,2.65,-0.637,G5II,0.893,-41.239,-6.234,-18.046,1.24E-05,1.62E-06,-8.22E-06,Crv
1288811,29Gam Vir,Porrima,12.694345,-1.449375,12.0202,-605.176,85.701,-19.9,2.74,2.34,F0V+...,0.368,-11.8185,-2.1726,-0.3045,1.35E-05,3.83E-05,5.51E-06,Vir
1293324,,La Superba,12.75217471,45.44025077,310.3425,-2.968,13.063,12,5.42,-2.039,N,2.994,-213.544,-42.603,221.125,4.41E-06,5.43E-06,2.25E-05,CVn
1296370,7 Dra,Tianyi,12.79287316,66.79030351,236.7259,7.182,-6.333,6.301,5.43,-1.441,K5,1.567,-91.29,-19.226,217.567,-7.32E-06,-9.97E-06,3.06E-06,Dra
1296561,Bet Cru,Mimosa,12.79536636,-59.68873246,85.3971,-48.24,-12.82,16,1.25,-3.407,B0.5 III,-0.238,-42.169,-8.91,-73.723,-7.73E-06,1.88E-05,-1.68E-05,Cru
1296821,,Gar,12.79922816,9.75251785,8.0791,-1008.267,-460.034,18.8,11.39,11.853,M4,1.563,-7.7893,-1.6534,1.3687,-2.97E-05,3.41E-05,-1.45E-05,Vir
1304800,77Eps UMa,Alioth,12.90045361,55.95984301,25.31,111.74,-8.99,-9,1.76,-0.256,A0P,-0.022,-13.776,-3.309,20.973,7.32E-06,-1.23E-05,-8.24E-06,UMa
1306592,8 Dra,Taiyi,12.92459638,65.43847425,29.4406,-3.658,-30.126,9,5.23,2.885,F 0 V,0.303,-11.881,-2.933,26.777,-7.64E-06,-1.35E-06,6.58E-06,Dra
1306748,43Del Vir,Minelauva,12.92672454,3.39747144,57.4498,-469.714,-53.71,-18,3.39,-0.406,M2 III,1.571,-55.6692,-13.778,3.4048,-1.45E-05,0.000131195,-1.60E-05,Vir
1307219,12Alp-1 CVn,Cor Caroli B,12.93350106,38.31469771,32.6668,-233.611,61.504,-0.443,5.61,3.039,F 0 V,0.337,-24.869,-6.202,20.253,-2.75E-06,3.74E-05,7.36E-06,CVn
1307241,12Alp-2 CVn,Cor Caroli,12.933807,38.31838,30.5598,-233.776,55.035,-3,2.89,0.464,A0spe...,-0.115,-23.264,-5.804,18.948,-1.14E-06,3.54E-05,4.49E-06,CVn
1315170,47Eps Vir,Vindemiatrix,13.03627731,10.95914863,33.1006,-273.793,19.804,-14,2.85,0.251,G8III,0.934,-31.308,-8.709,6.293,2.35E-06,4.63E-05,3.98E-07,Vir
1325157,42Alp Com,Diadem,13.16646858,17.52944436,17.8253,-445.95,129.69,-11.6,4.32,3.065,F5V,0.455,-16.211,-5.11,5.369,2.42E-06,4.12E-05,7.11E-06,Com
1343569,79Zet UMa,Mizar,13.39872774,54.92541525,24.8674,122.467,-22.682,-5.6,2.23,0.252,A2V,0.057,-13.342,-5.117,20.352,6.27E-06,-1.34E-05,-6.26E-06,UMa
1344484,,Matza,13.41002733,-51.50445585,107.4912,-33.921,-18.917,9.767,7.01,1.853,A2 V,0.093,-62.401,-24.142,-84.129,-4.98E-06,1.70E-05,-1.40E-05,Cen
1345269,67Alp Vir,Spica,13.41989015,-11.16124491,76.5697,-42.5,-31.73,1,0.98,-3.44,B1 V,-0.235,-69.991,-27.286,-14.822,-4.54E-06,1.52E-05,-1.18E-05,Vir
1345331,80 UMa,Alcor,13.42042677,54.98795585,25.0564,120.35,-16.94,-8.9,3.99,1.995,A5V,0.169,-13.393,-5.224,20.522,8.61E-06,-1.23E-05,-8.64E-06,UMa
1355575,,Dofida,13.54043206,-47.2713643,37.6748,25.214,-125.428,1.195,7.17,4.29,G2 V,0.603,-23.513,-10.032,-27.675,1.65E-05,2.04E-06,-1.64E-05,Cen
1357852,,Liesma,13.56737236,53.72852662,92.0445,-85.849,-78.888,-29.369,8.05,3.23,K0,0.699,-49.934,-21.723,74.208,-2.50E-05,3.09E-05,-4.50E-05,UMa
1358768,79Zet Vir,Heze,13.57822,-0.59582,22.8589,-276.903,44.621,-13.2,3.38,1.585,A3V,0.114,-20.9337,-9.178,-0.2375,-5.11E-09,3.35E-05,5.08E-06,Vir
1377079,85Eta UMa,Alkaid,13.79237392,49.31330288,31.8674,-121.23,-15.56,-11,1.85,-0.667,B3V,-0.099,-18.53,-9.395,24.165,-3.55E-06,1.92E-05,-1.01E-05,UMa
1387284,8Eta Boo,Muphrid,13.911411,18.397717,11.396,-60.95,-358.1,1,2.68,2.396,G0IV,0.58,-9.488,-5.188,3.597,-7.95E-06,-5.07E-07,-1.85E-05,Boo
1400378,Bet Cen,Hadar,14.0637346,-60.3729784,120.1923,-33.96,-25.06,6,0.61,-4.789,B1 III,-0.231,-50.954,-30.563,-104.479,-1.90E-06,2.19E-05,-1.26E-05,Cen
1401228,11Alp Dra,Thuban,14.073165,64.37585,79.9003,-56.351,12.329,-13,3.67,-0.843,A0III SB,-0.049,-29.5884,-17.8471,72.0417,-2.66E-06,2.39E-05,-9.92E-06,Dra
1404493,5The Cen,Menkent,14.11137449,-36.36995824,18.0343,-519.29,-517.87,1.3,2.06,0.78,K0 IIIB,1.011,-12.359,-7.624,-10.694,-1.90E-06,5.22E-05,-3.72E-05,Cen
1413399,98Kap Vir,Kang,14.21492928,-10.2737004,86.2979,6.674,138.987,-4,4.18,-0.5,K2/3 III,1.323,-71.034,-46.526,-15.391,-3.78E-06,-5.81E-06,5.79E-05,Vir
1417320,16Alp Boo,Arcturus,14.26120767,19.18727298,11.2575,-1093.45,-1999.4,-5,-0.05,-0.307,K2IIIp,1.239,-8.823,-5.933,3.699,-5.91E-05,3.22E-05,-0.00010474,Boo
1417791,99Iot Vir,Syrma,14.266908,-6.000547,22.0258,-26.606,-414.866,14.6,4.07,2.355,F7V,0.511,-18.1598,-12.2505,-2.3029,-1.01E-05,-3.36E-06,-4.56E-05,Vir
1418295,19Lam Boo,Xuange,14.27306086,46.08830597,30.6857,-187.698,159.309,-1.656,4.18,1.745,A0P,0.087,-17.624,-11.93,22.106,-5.42E-07,3.34E-05,1.52E-05,Boo
1422216,100Lam Vir,Khambalia,14.31849778,-13.37109165,54.2753,-15.841,27.602,-11,4.52,0.847,A1 V,0.128,-43.372,-30.119,-12.552,5.23E-06,8.71E-06,9.67E-06,Vir
1434825,105Phi Vir,Elgafar,14.47003823,-2.22795257,37.2035,-138.727,-3.338,-9.713,4.81,1.957,G3 V,0.693,-29.67,-22.399,-1.446,-7.14E-06,2.60E-05,-2.16E-07,Vir
1436975,,Proxima Centauri,14.495985,-62.679485,1.302,-3781.741,769.465,-21.943,11.01,15.437,M5Ve,1.807,-0.474,-0.363,-1.157,-9.76E-06,2.26E-05,2.22E-05,Cen
1440281,27Gam Boo,Seginus,14.534636,38.308253,26.3765,-114.344,151.788,-37,3.04,0.934,A7IIIvar,0.191,-16.3047,-12.7482,16.3503,2.39E-05,3.72E-05,-8.23E-06,Boo
1451151,Alp-2 Cen,Toliman,14.66094189,-60.83947139,1.3248,-3678.19,481.84,-26.2,1.35,5.739,K1V,0.9,-0.495,-0.414,-1.157,-7.22E-06,2.48E-05,2.49E-05,Cen
1451193,Alp-1 Cen,Rigil Kentaurus,14.66136069,-60.83514707,1.3248,-3678.19,481.84,-26.2,-0.01,4.379,G2V,0.71,-0.495,-0.414,-1.157,-7.22E-06,2.48E-05,2.49E-05,Cen
1458789,36Eps Boo,Izar,14.749784,27.074222,72.3238,-50.818,21.024,-23,2.35,-1.946,A0,0.966,-48.4198,-42.458,32.918,6.52E-06,2.94E-05,-4.14E-06,Boo
1462331,,Mönch,14.79242345,-0.28147667,31.9126,-130.476,-140.246,-12.523,8.04,5.52,K0 V,0.781,-23.758,-21.306,-0.157,-3.86E-06,2.36E-05,-2.16E-05,Vir
1464811,38 Boo,Merga,14.82185273,46.11620792,48.0159,-6.207,-77.913,-5.004,5.76,2.353,F 7 IVB W,0.482,-24.607,-22.413,34.607,-8.01E-06,-5.35E-06,-1.63E-05,Boo
1466797,7Bet UMi,Kochab,14.845105,74.155505,40.1445,-32.29,11.91,17,2.07,-0.948,K4IIIvar,1.465,-8.058,-7.43,38.619,-6.11E-06,2.91E-06,1.74E-05,UMi
1467018,9Alp-2 Lib,Zubenelgenubi,14.84797594,-16.04177696,23.2396,-105.69,-69,-46.7,2.75,0.919,A3 III/V,0.147,-16.409,-15.152,-6.422,2.72E-05,4.13E-05,5.73E-06,Lib
1470456,,Arcalís,14.88973058,18.2354045,132.5025,43.739,-33.865,1.137,7.8,2.189,K0,1.039,-91.52,-86.382,41.463,1.35E-05,-2.59E-05,-2.03E-05,Boo
1475095,8 UMi,Baekdu,14.94676486,74.90092124,163.1908,13.139,3.578,-9.545,6.83,0.767,K0,0.985,-30.475,-29.637,157.557,1.10E-05,-3.77E-06,-8.69E-06,UMi
1482225,42Bet Boo,Nekkar,15.03243391,40.39056814,72.0564,-40.708,-30.168,-20,3.49,-0.798,G8II-III,0.956,-38.476,-39.135,46.692,-4.01E-06,1.62E-05,-2.13E-05,Boo
1485300,20Sig Lib,Brachium,15.06783762,-25.28196292,79.7534,-73.484,-42.632,-4,3.25,-1.259,M3/4 III,1.674,-50.079,-51.89,-34.061,-1.30E-05,2.75E-05,-1.32E-05,Lib
1504124,27Bet Lib,Zubeneschamali,15.283449,-9.382917,56.7537,-96.39,-20.76,-35,2.61,-1.16,B8V,-0.071,-36.549,-42.42,-9.253,3.57E-06,4.48E-05,2.00E-07,Lib
1507251,,Nikawiy,15.31838338,41.73320774,104.9814,-19.906,-181.888,-34.371,7.88,2.774,G5,0.93,-50.592,-59.816,69.882,-3.06E-05,-2.05E-05,-9.25E-05,Boo
1509654,13Gam UMi,Pherkad,15.345483,71.834016,151.6093,-15.908,17.146,-4,3,-2.904,A3II-III,0.058,-30.2673,-36.3051,144.0522,-4.96E-07,1.77E-05,4.19E-08,UMi
1515210,51Mu-1 Boo,Alkalurops,15.40817453,37.3771697,37.6281,-149.928,89.573,-8.6,4.31,1.432,F0V,0.309,-18.768,-23.278,22.842,-1.07E-05,3.03E-05,7.65E-06,Boo
1515246,51Mu-2 Boo,Alkalurops B,15.40857496,37.34747199,36.7346,-139.142,90.281,-8.6,6.51,3.685,G1V,0.6,-18.327,-22.736,22.285,-8.78E-06,2.86E-05,7.45E-06,Boo
1515856,12Iot Dra,Edasich,15.4154929,58.96606176,30.7466,-8.183,17.296,-11,3.29,0.851,K2III,1.166,-9.925,-12.359,26.346,4.06E-06,7.01E-06,-8.31E-06,Dra
1520353,3Bet CrB,Nusakan,15.46381429,29.10569774,35.8094,-202.069,92.412,-19,3.66,0.89,A8III,0.319,-19.2805,-24.6402,17.4181,-1.24E-05,4.11E-05,4.57E-06,CrB
1531073,5Alp CrB,Alphecca,15.5781082,26.71491041,23.6738,118.927,-87.711,2,2.22,0.349,A0V,0.032,-12.5274,-17.0369,10.6425,7.23E-06,-1.32E-05,-8.07E-06,CrB
1532313,38Gam Lib,Zubenelhakrabi,15.592105,-14.789537,49.3601,64.631,7.819,-28.2,3.91,0.443,K0III,1.007,-28.132,-38.552,-12.6,2.86E-05,1.30E-05,9.17E-06,Lib
1532532,,Karaka,15.59442179,-80.20459014,40.6239,-49.722,41.094,26.156,8.71,5.666,K0/1 V,0.891,-4.071,-5.585,-40.032,-1.53E-05,-4.36E-06,-2.50E-05,Aps
1546069,24Alp Ser,Unukalhai,15.737798,6.425627,22.7557,133.922,45.55,2.7,2.63,0.845,K2III,1.167,-12.623,-18.762,2.547,1.10E-05,-1.01E-05,5.30E-06,Ser
1553435,35Kap Ser,Gudja,15.81232686,18.14156492,117.3286,-52.407,-88.419,-39,4.09,-1.257,M 1- IIIAB,1.616,-60.423,-93.704,36.532,-1.30E-05,3.48E-05,-6.02E-05,Ser
1566583,5Rho Sco,Iklil,15.94807653,-29.21407343,136.5784,-17.026,-23.657,3.3,3.87,-1.807,B2 IV/V,-0.199,-61.0007,-102.4156,-66.6604,-7.28E-06,9.81E-06,-1.53E-05,Sco
1569628,6Pi Sco,Fang,15.980865,-26.114105,103.3774,-12.399,-26.21,-3,2.89,-2.182,B1V + B2V,-0.18,-46.814,-80.155,-45.503,-1.06E-06,1.05E-05,-1.04E-05,Sco
1571952,7Del Sco,Dschubba,16.005557,-22.62171,150.6024,-8.67,-36.9,-7,2.29,-3.599,B0.2IV,-0.117,-69.333,-120.492,-57.928,2.98E-06,1.79E-05,-2.21E-05,Sco
1579861,8Bet-1 Sco,Acrab,16.09062,-19.805453,123.9157,-6.75,-24.89,-1,2.56,-2.906,B0.5V,-0.065,-55.881,-102.321,-41.986,-6.69E-07,7.23E-06,-1.37E-05,Sco
1579874,8Bet-2 Sco,Acrab B,16.09071,-19.80186,121.4064,-18.472,-15.594,-4,4.9,-0.521,B2V,-0.024,-54.7492,-100.2521,-41.129,-6.21E-06,1.13E-05,-7.25E-06,Sco
1584015,7Kap Her,Marsic,16.13459039,17.04697981,120.7551,-34.067,-6.7,-10.119,5,-0.41,G8III,0.931,-54.167,-101.954,35.4,-1.35E-05,1.71E-05,-6.78E-06,Her
1584024,7Kap Her,Marsic B,16.13470997,17.0543879,127.4259,-18.556,-24.736,38,6.25,0.724,K2III,1.14,-57.1535,-107.5836,37.3715,-2.97E-05,-3.14E-05,-3.21E-06,Her
1587231,,Kamuy,16.16775406,26.74274867,135.3784,-18.354,36.856,-3.246,6.57,0.912,G9III,1.037,-55.794,-107.254,60.918,-4.30E-06,1.78E-05,2.01E-05,CrB
1590330,14Nu Sco,Jabbah,16.199926,-19.460708,141.7083,-7.441,-28.202,2,4,-1.757,B2IV,0.076,-60.661,-119.049,-47.211,-2.50E-06,6.35E-06,-1.89E-05,Sco
1591464,,Sharjah,16.21160642,-18.87546527,14.5751,36.447,-214.025,-4.929,11.34,10.522,,1.486,-6.224,-12.307,-4.715,6.66E-06,7.46E-06,-1.27E-05,Sco
1594252,1Del Oph,Yed Prior,16.239094,-3.694323,48.9925,-45.34,-144.433,-20,2.73,-0.721,M1III,1.584,-21.749,-43.787,-3.156,4.18E-07,2.51E-05,-3.29E-05,Oph
1600859,2Eps Oph,Yed Posterior,16.305358,-4.692511,32.7722,83.916,40.763,-7.7,3.23,0.652,G8III,0.966,-14.02,-29.5,-2.681,1.52E-05,8.87E-07,7.10E-06,Oph
1604917,,Hunor,16.34343227,41.04807981,128.5169,-10.078,-29.057,-20.468,8.72,3.175,F8,0.463,-40.729,-87.949,84.396,-4.06E-06,6.18E-06,-2.74E-05,Her
1605930,20Sig Sco,Alniyat,16.35314238,-25.59280657,213.6752,-10.03,-18.03,3,2.9,-3.749,B1 III,0.299,-80.536,-175.075,-92.302,-7.22E-06,9.16E-06,-1.82E-05,Sco
1610738,14Eta Dra,Athebyne,16.39986,61.514213,27.9984,-16.394,57.094,-13.7,2.73,0.494,G8III,0.91,-5.432,-12.199,24.609,3.46E-06,1.32E-05,-8.62E-06,Dra
1613233,24Ome Her,Cujam,16.42359859,14.03327273,76.3161,38.682,-59.551,-6,4.57,0.157,A0P,0.002,-29.6956,-67.8223,18.505,1.34E-05,-5.18E-06,-2.29E-05,Her
1618520,,Timir,16.47448653,-13.39963789,70.3934,-37.413,3.049,-34.76,6.89,2.652,K0 III/IV,0.95,-26.627,-63.088,-16.313,1.59E-06,3.66E-05,9.25E-06,Oph
1620181,21Alp Sco,Antares,16.49012987,-26.43194608,169.7793,-10.16,-23.21,-3,1.06,-5.089,M1.5 IAB,1.865,-58.543,-140.308,-75.575,-3.39E-06,1.36E-05,-1.57E-05,Sco
1621525,27Bet Her,Kornephoros,16.503668,21.489613,45.4499,-98.822,-14.869,-26,2.78,-0.508,G8III,0.947,-16.146,-39.087,16.65,-1.11E-05,3.01E-05,-1.28E-05,Her
1621670,,Wolf 1061,16.50501542,-12.66260483,4.3078,-94.21,-1183.917,-21.798,10.1,11.929,M4,1.604,-1.603,-3.885,-0.944,8.55E-06,2.59E-05,-1.92E-05,Oph
1621991,,Ogma,16.50822728,38.34730965,76.2177,-77.963,52.682,-17.932,8.15,3.74,G0,0.611,-22.756,-55.274,47.288,-1.66E-05,3.54E-05,3.89E-06,Her
1622717,10Lam Oph,Marfik,16.51523187,1.98395581,53.0786,-31.37,-73,-14,3.82,0.195,B9/A0 III,0.022,-20.105,-49.089,1.838,-2.29E-06,1.57E-05,-1.93E-05,Oph
1626041,,Rosalíadecastro,16.54751348,2.08483283,73.3787,-9.24,-86.678,12.079,7.89,3.562,G3 V,0.68,-27.217,-68.092,2.669,-8.05E-06,-1.13E-05,-3.04E-05,Oph
1631184,23Tau Sco,Paikauhale,16.59804256,-28.21601356,145.3488,-8.59,-22.5,2,2.82,-2.992,B0 V,-0.206,-45.96,-119.547,-68.721,-3.61E-06,7.49E-06,-1.49E-05,Sco
1652557,Alp TrA,Atria,16.81108178,-69.02771555,119.7605,17.85,-32.92,-3,1.91,-3.482,K2 II,1.447,-13.127,-40.805,-111.827,1.57E-05,1.49E-05,-3.98E-06,TrA
1655045,26Eps Sco,Larawag,16.83605898,-34.29322839,19.5351,-611.83,-255.87,-3,2.29,0.836,K2 IIIB,1.144,-4.842,-15.396,-11.007,-5.04E-05,3.28E-05,-1.83E-05,Sco
1657873,Mu-1 Sco,Xamidimura,16.864509,-38.04738,533.8458,-10.451,-18.315,-25,3,-5.637,B1.5IV + B,-0.2,-123.1416,-401.9644,-329.0171,-1.14E-05,5.51E-05,-2.16E-05,Sco
1658655,Mu-2 Sco,Pipirima,16.87226237,-38.01753493,176.5772,-12.114,-22.57,1,3.56,-2.675,B2 IV,-0.21,-40.477,-133.092,-108.754,-6.69E-06,1.36E-05,-1.59E-05,Sco
1661061,,Mahsati,16.89543976,11.97374968,164.4726,11.545,-14.941,3.822,8.38,2.3,K0,0.9,-45.881,-154.214,34.122,7.03E-06,-8.66E-06,-1.08E-05,Oph
1680288,,Rapeto,17.07524172,-43.30976555,48.4074,110.654,-140.977,33.276,7.39,3.965,F8 V,0.565,-8.445,-34.197,-33.205,2.47E-05,-8.23E-06,-4.74E-05,Sco
1688572,22Zet Dra,Aldhibah,17.146448,65.714683,127.7563,-16.55,32.757,-17,3.17,-2.362,B6III,-0.12,-11.6434,-51.2371,116.4505,-4.31E-06,2.73E-05,-7.50E-06,Dra
1691452,35Eta Oph,Sabik,17.172968,-15.72491,27.0929,41.16,97.65,-2.4,2.43,0.266,A2.5Va,0.059,-5.602,-25.47,-7.343,5.04E-06,-2.25E-06,1.30E-05,Oph
1699111,64Alp-1 Her,Rasalgethi,17.24412575,14.39036763,110.2536,-6.71,32.78,-33,2.78,-2.432,M5II,1.164,-20.996,-104.71,27.401,3.77E-06,3.70E-05,8.58E-06,Her
1699761,65Del Her,Sarin,17.25053089,24.83920293,23.54,-20.954,-156.767,-40,3.12,1.261,A3IV,0.08,-4.165,-20.952,9.889,3.43E-06,2.95E-05,-3.34E-05,Her
1700255,,Onkaria,17.255194,4.961607,14.64158855,580.202,-749.713,16,14.67,13.842,,1.74,-2.826,-14.31,1.266,3.64E-05,-2.85E-05,-5.16E-05,Oph
1700333,36 Oph,Guniibuu,17.255836,-26.602829,5.9523,-498.6,-1149.158,0.264,4.33,5.457,K2:III:,0.855,-1.03,-5.222,-2.665,-1.13E-05,1.71E-05,-2.98E-05,Oph
1708744,,Inquill,17.33094427,-48.54932156,55.6618,-33.443,-211.177,-38.839,6.67,2.942,G1 V(W),0.614,-6.421,-36.283,-41.72,3.14E-06,6.95E-05,-7.95E-06,Ara
1729878,23Bet Dra,Rastaban,17.507213,52.301387,112.1099,-16.126,11.358,-20,2.79,-2.458,G2II,0.954,-8.82,-67.986,88.706,-6.45E-06,1.84E-05,-1.24E-05,Dra
1730521,76Lam Her,Maasym,17.51230828,26.1106477,120.5644,18.782,16.184,-26.68,4.41,-0.996,K3III,1.434,-13.785,-107.379,53.061,1.45E-05,2.70E-05,-3.51E-06,Her
1730564,34Ups Sco,Lesath,17.51273196,-37.29581257,176.6784,-4.19,-29.14,8,2.7,-3.536,B2 IV,-0.179,-17.881,-139.409,-107.055,-2.46E-06,9.00E-06,-2.48E-05,Sco
1733502,23Del UMi,Yildun,17.53694102,86.58646256,55.9278,10.025,54.053,-8.919,4.35,0.612,A1V,0.021,-0.403,-3.306,55.829,4.53E-06,1.47E-05,-8.23E-06,UMi
1736373,35Lam Sco,Shaula,17.56014625,-37.10374835,175.1313,-8.9,-29.95,-3,1.62,-4.597,B1.5 IV + B,-0.231,-16.049,-138.75,-105.65,-5.46E-06,1.85E-05,-1.84E-05,Sco
1739115,55Alp Oph,Rasalhague,17.58222355,12.56057584,14.8965,110.08,-222.61,12.6,2.08,1.215,A5III,0.155,-1.587,-14.453,3.239,6.15E-06,-1.68E-05,-1.29E-05,Oph
1744036,The Sco,Sargas,17.62197938,-42.99782155,92.081,6.06,-0.95,1,1.86,-2.961,F0 II,0.406,-6.654,-67.017,-62.797,2.65E-06,-7.24E-07,-1.01E-06,Sco
1753735,31Psi-1 Dra,Dziban,17.6989871,72.148847,22.7531,88.254,-271.791,-13.7,4.57,2.785,F5IV-V,0.434,-0.549,-6.9536,21.6578,7.80E-06,-2.49E-05,-2.25E-05,Dra
1753803,31Psi-1 Dra,Dziban B,17.69947115,72.15690621,22.7017,34.067,-276.438,-10.9,5.81,4.03,G0V,0.53,-0.547,-6.935,21.61,1.73E-06,-2.58E-05,-1.99E-05,Dra
1756859,60Bet Oph,Cebalrai,17.72454241,4.56730027,25.4917,-41.793,159.43,-12,2.76,0.728,K2 III,1.168,-1.8306,-25.3443,2.0297,-4.16E-06,1.41E-05,1.87E-05,Oph
1757961,,Alruba,17.73310464,53.80171468,142.3123,18.401,-17.001,2.69,5.75,-0.016,B 9 IV,0.017,-5.8676,-83.8421,114.8428,1.19E-05,-1.19E-05,-4.71E-06,Dra
1758316,Mu Ara,Cervantes,17.73575132,-51.83405661,15.6042,-15.034,-190.901,-9.544,5.12,4.154,G3 IV/V,0.694,-0.667,-9.619,-12.268,6.75E-08,1.74E-05,-1.25E-06,Ara
1770449,,Fuyue,17.83096789,-37.04330034,40.4302,41.717,11.975,25,3.19,0.156,K0/1 III,1.192,-1.4273,-32.2392,-24.3565,7.20E-06,-2.22E-05,-1.35E-05,Sco
1779064,32Xi Dra,Grumium,17.89214733,56.8726474,34.4112,93.698,78.914,-26,3.73,1.047,K2III,1.177,-0.531,-18.798,28.818,1.63E-05,2.51E-05,-1.51E-05,Dra
1786378,33Gam Dra,Eltanin,17.943437,51.488895,47.3037,-8.52,-23.05,-28,2.24,-1.134,K5III,1.521,-0.436,-29.451,37.014,-1.75E-06,1.37E-05,-2.57E-05,Dra
1789453,,Barnard's Star,17.96347159,4.69327996,1.8282,-801.551,10362.394,-110.468,9.54,13.23,sdM4,1.57,-0.017,-1.822,0.15,-5.96E-06,0.000120173,8.23E-05,Oph
1803727,,Pincoya,18.05192529,-28.56063915,40.0213,-34.658,-42.253,7.304,9.62,6.609,K1/3,1.396,0.478,-35.148,-19.134,-6.69E-06,-2.73E-06,-1.08E-05,Sgr
1810796,10Gam-2 Sgr,Alnasl,18.09680182,-30.42409858,30.9888,-48.839,-204.86,22,2.98,0.524,K0 III,0.981,0.6772,-26.713,-15.6927,-7.24E-06,-4.00E-06,-3.79E-05,Sgr
1832169,13Mu Sgr,Polis,18.229392,-21.058834,,1.72,-1.39,-6,3.84,,B2III:,0.195,,,,,,,Sgr
1851931,19Del Sgr,Kaus Media,18.34990047,-29.8281024,127.441,33.212,-27.361,-20,2.72,-2.807,K3 III,1.38,10.113,-110.094,-63.389,1.80E-05,2.79E-05,-4.49E-06,Sgr
1854104,,Alasia,18.36382856,-11.92267698,41.6868,-22.963,-68.395,-25.474,7.95,4.85,G5 V,0.713,3.879,-40.603,-8.612,-7.32E-06,2.78E-05,-8.14E-06,Ser
1860159,20Eps Sgr,Kaus Australis,18.40287398,-34.3843146,43.9367,-39.61,-124.05,-15,1.79,-1.424,B9.5 III,-0.031,3.817,-36.058,-24.813,-1.13E-05,2.65E-05,-1.31E-05,Sgr
1864772,42 Dra,Fafnir,18.43309368,65.56348038,90.4487,105.816,-26.846,31.749,4.82,0.038,K2III,1.179,4.233,-37.177,82.346,4.88E-05,-1.87E-05,2.47E-05,Dra
1869896,22Lam Sgr,Kaus Borealis,18.46617795,-25.42170006,23.2993,-46.152,-185.067,-43.2,2.82,0.983,K1 IIIB,1.025,2.562,-20.887,-10.002,-1.11E-05,4.79E-05,8.49E-08,Sgr
1892152,3Alp Lyr,Vega,18.61560722,38.78299311,7.6787,201.02,287.46,-12.1,0.03,0.604,A0V,-0.001,0.961,-5.908,4.81,4.76E-06,1.73E-05,5.91E-07,Lyr
1906646,,Struve 2398 A,18.713179,59.630396,3.5231,-1311.679,1792.325,-1.303,8.94,11.205,K5,1.504,0.331,-1.75,3.04,-2.70E-05,2.25E-05,1.43E-05,Dra
1906652,,Struve 2398 B,18.713249,59.626847,3.5231,-1400.264,1862.525,0.876,9.7,11.965,K5,1.561,0.331,-1.751,3.039,-2.85E-05,2.21E-05,1.69E-05,Dra
1908815,,Xihe,18.72669672,36.55660381,132.6917,20.946,58.198,-61.381,6.04,0.426,K0,1.04,20.156,-104.664,79.033,-5.22E-07,7.40E-05,-7.32E-06,Lyr
1925230,,Ross 154,18.8303798,-23.83624376,2.976,639.368,-193.958,-11.116,10.37,13.002,M3.5Ve,1.51,0.587,-2.658,-1.203,6.52E-06,1.32E-05,2.04E-06,Sgr
1925862,10Bet Lyr,Sheliak,18.83466512,33.36266874,277.913,2.045,-3.685,-29.482,3.52,-3.7,B7V+A8P,0.003,50.318,-226.595,152.835,-2.18E-06,2.25E-05,-2.07E-05,Lyr
1936851,32Nu-1 Sgr,Ainalrami,18.90282685,-22.74483882,543.856,3.919,-8.092,-12.083,4.86,-3.817,K1 II,1.412,117.449,-487.618,-210.27,5.44E-06,2.15E-05,-1.49E-05,Sgr
1939772,34Sig Sgr,Nunki,18.92108797,-26.29659428,69.8324,13.87,-52.65,-11,2.05,-2.17,B2.5 V,-0.134,14.951,-60.794,-30.937,2.66E-07,1.86E-05,-1.10E-05,Sgr
1940925,,Kaveh,18.92802324,4.2653239,130.7707,-6.842,-90.413,19.712,8.02,2.437,G6/8 IV,0.869,31.373,-126.579,9.726,1.65E-06,-2.47E-05,-5.57E-05,Ser
1942320,63The-1 Ser,Alya,18.93699637,4.20359728,41.2039,46.474,31.313,-43.357,4.62,1.545,A5 V,0.161,9.98,-39.863,3.02,-1.84E-06,4.56E-05,2.99E-06,Ser
1942386,63The-2 Ser,Alya B,18.93739921,4.20209847,40.7647,50.044,28.363,-53,4.98,1.929,A5 V,0.204,9.877,-39.437,2.987,-3.64E-06,5.52E-05,1.62E-06,Ser
1949264,14Gam Lyr,Sulafat,18.98239517,32.68955708,201.3846,-2.98,1.689,-19.555,3.25,-3.27,A0P,-0.049,43.111,-163.912,108.765,-7.32E-06,1.64E-05,-9.41E-06,Lyr
1958706,38Zet Sgr,Ascella,19.043532,-29.880105,27.0416,-14.1,3.66,22,2.6,0.44,A3IV,0.062,6.326,-22.578,-13.472,3.55E-06,-1.95E-05,-1.08E-05,Sgr
1965965,17Zet Aql,Okab,19.09016881,13.86347684,26.1555,-6.575,-95.909,-25,2.99,0.902,A0V,0.014,7.149,-24.366,6.267,-6.97E-06,2.08E-05,-1.79E-05,Aql
1976434,Alp CrA,Meridiana,19.15787258,-37.90447819,36.9162,84.65,-96.511,-36.229,4.11,1.274,A0/1 V,0.042,8.695,-27.8,-22.679,2.56E-06,4.26E-05,9.13E-06,CrA
1977196,41Pi Sgr,Albaldah,19.162731,-21.023615,160.2307,-1.353,-36.817,-10,2.88,-3.144,F2II/III,0.377,44.828,-142.689,-57.483,-6.94E-06,1.86E-05,-2.30E-05,Sgr
1984515,57Del Dra,Altais,19.2092499,67.66154123,29.9851,94.599,92.374,25,3.07,0.685,G8III,0.99,3.548,-10.83,27.735,1.22E-05,6.85E-06,2.88E-05,Dra
1987904,20Eta Lyr,Aladfar,19.22930203,39.14596968,343.5641,-1.476,-1.393,-11.068,4.43,-3.25,B2IV,-0.15,84.278,-252.768,216.891,-4.65E-06,6.16E-06,-8.94E-06,Lyr
1992726,,Gumala,19.25923038,-24.17935052,27.5395,118.567,-102.364,-24.696,6.25,4.05,F8 V,0.548,8.133,-23.77,-11.28,5.71E-06,3.22E-05,-2.12E-06,Sgr
2006987,,Belel,19.35117533,-23.61957533,120.5231,-46.661,-30.244,-0.741,7.55,2.145,K0 III,1.022,38.252,-103.589,-48.289,-2.83E-05,-2.15E-06,-1.59E-05,Sgr
2011001,Bet-1 Sgr,Arkab Prior,19.3773033,-44.45896074,119.3574,2.89,-18.125,-11,3.96,-1.424,B8 V,-0.085,30.0573,-79.7137,-83.5978,-3.86E-06,1.50E-05,3.94E-07,Sgr
2011588,,Sika,19.38138528,-32.91905134,59.9643,88.036,-415.197,-45.193,7.84,3.951,G1 V,0.599,17.81,-47.08,-32.588,-1.30E-05,0.000106695,-7.62E-05,Sgr
2012471,Bet-2 Sgr,Arkab Posterior,19.38698243,-44.79978637,42.806,93.218,-53.775,13.661,4.27,1.112,F2/3 V,0.35,10.788,-28.394,-30.162,1.88E-05,4.95E-06,-1.78E-05,Sgr
2014135,Alp Sgr,Rukbat,19.39810471,-40.61593839,55.2218,31.79,-120.087,-1,3.96,0.249,B8 V,-0.105,15.003,-39.142,-35.949,1.79E-07,2.33E-05,-2.37E-05,Sgr
2026703,6Alp Vul,Anser,19.47842473,24.66490581,89.0964,-126.197,-106.865,-86,4.44,-0.309,M0+III,1.502,30.5619,-74.9773,37.1808,-7.34E-05,3.56E-05,-7.87E-05,Vul
2032106,6Bet-1 Cyg,Albireo,19.51202391,27.95967854,111.3387,4.915,-11.127,-24,3.05,-2.183,K0II+B9V,1.088,37.9196,-90.7377,52.2011,-4.83E-06,1.84E-05,-1.68E-05,Cyg
2032213,6Bet-2 Cyg,Albireo B,19.51260943,27.96526807,122.1062,-1.078,-1.54,-18,5.12,-0.314,B7V,-0.095,41.6,-99.502,57.26,-6.70E-06,1.44E-05,-9.44E-06,Cyg
2035791,,Uruk,19.53448942,16.47428944,108.4733,63.452,15.508,-63.321,8.97,3.793,F8V,0.539,40.673,-95.739,30.761,5.53E-06,7.23E-05,-1.05E-05,Sge
2036555,61Sig Dra,Alsafi,19.53933116,69.6611839,5.7639,597.384,-1738.286,28.2,4.67,5.866,K0V,0.786,0.7853,-1.8429,5.4046,3.71E-05,-4.46E-05,1.02E-05,Dra
2043182,,Campbell's Hydrogen Star,19.57923215,30.51637402,1617.0832,-2.251,-8.807,-30.4,10,-1.044,WC8,-0.013,559.694,-1275.714,821.13,-1.28E-05,-1.47E-05,-7.53E-05,Cyg
2058478,5Alp Sge,Sham,19.66827544,18.01389215,130.9706,15.076,-20.287,2.086,4.39,-1.196,G0IB,0.777,52.685,-112.859,40.502,1.12E-05,-1.40E-06,-1.16E-05,Sge
2072556,18Del Cyg,Fawaris,19.749574,45.13081,47.2871,41.87,47.298,-20,2.86,-0.514,B9.5III,-0.002,14.752,-29.922,33.513,-1.17E-06,2.41E-05,-6.85E-06,Cyg
2076374,50Gam Aql,Tarazed,19.77099443,10.61326319,178.8932,16.233,-1.354,-2,2.72,-3.543,K3I-II,1.507,78.634,-157.27,32.948,1.18E-05,7.90E-06,-1.53E-06,Aql
2089783,53Alp Aql,Altair,19.84630057,8.86738491,5.1295,536.82,385.54,-26.1,0.76,2.21,A1N,0.221,2.355,-4.487,0.791,-1.12E-06,3.09E-05,5.36E-06,Aql
2099705,59Xi Aql,Libertas,19.90413393,8.46145444,57.0831,101.694,-81.141,-41.801,4.71,0.927,K0III,1.023,26.995,-49.59,8.399,6.08E-06,4.77E-05,-2.85E-05,Aql
2102729,60Bet Aql,Alshain,19.92188674,6.40676319,13.6008,45.944,-480.965,-40.7,3.71,3.042,G8IV,0.855,6.5172,-11.8409,1.5181,-1.56E-05,3.46E-05,-3.62E-05,Aql
2104188,58Ome Sgr,Terebellum,19.93065516,-26.29949408,25.9875,203.96,74.4,-21,4.7,2.626,G3/5 III,0.748,11.28,-20.384,-11.514,1.52E-05,2.57E-05,1.79E-05,Sgr
2111238,,Cygnus X-1,19.97268826,35.20161299,2252.7496,-3.812,-6.31,-2.7,8.84,-2.924,B0IB,0.73,908.971,-1600.708,1298.61,-1.77E-05,-5.31E-05,-5.79E-05,Cyg
2158647,,Chechia,20.26833434,4.58079287,72.8523,-40.884,-51.962,12.894,6.44,2.128,G8 IV,0.867,40.635,-60.187,5.818,-3.79E-06,-2.02E-05,-1.72E-05,Aql
2163643,6Alp-2 Cap,Algedi,20.300904,-12.544852,33.4292,61.212,2.412,0.7,3.58,0.959,G6/G8III,0.883,18.489,-26.888,-7.261,8.62E-06,4.98E-06,2.26E-07,Cap
2170351,8Nu Cap,Alshat,20.34439331,-12.75908049,82.1445,14.13,-15.123,-1.735,4.77,0.197,B9 IV,-0.047,46.143,-65.494,-18.142,2.84E-06,5.74E-06,-5.48E-06,Cap
2171237,9Bet Cap,Dabih,20.35018672,-14.78140739,119.0958,44.133,0.36,-19,3.05,-2.329,K0 :II: + A5:N,0.79,66.4652,-94.0366,-30.3848,9.99E-06,3.00E-05,5.16E-06,Cap
2174213,37Gam Cyg,Sadr,20.37047292,40.25667904,561.7978,2.43,-0.93,-8,2.23,-6.518,(F5IAB),0.673,249.318,-348.796,363.041,2.71E-06,7.60E-06,-7.22E-06,Cyg
2183027,Alp Pav,Peacock,20.42745823,-56.73488071,54.8246,7.71,-86.15,2,1.94,-1.755,B2.5 V,-0.118,17.85,-24.201,-45.841,-9.05E-06,1.57E-05,-1.43E-05,Pav
2201580,2Eps Del,Aldulfin,20.553547,11.303263,112.1718,10.915,-19.606,-19,4.03,-1.219,B6III,-0.123,68.1774,-86.3178,21.9855,-5.86E-06,1.70E-05,-1.43E-05,Del
2211936,6Bet Del,Rotanev,20.62581554,14.59511021,30.931,118.28,-47.65,-23,3.64,1.188,F5III,0.425,18.994,-23.134,7.794,4.06E-07,2.75E-05,-1.28E-05,Del
2216760,9Alp Del,Sualocin,20.660635,15.912072,72.8343,71.574,-30.655,-3,3.77,-0.542,B9V,-0.057,44.9382,-53.7275,19.9688,1.94E-05,1.62E-05,-1.13E-05,Del
2220894,50Alp Cyg,Deneb,20.69053151,45.28033423,432.9004,1.56,1.55,-5,1.25,-6.932,A2I,0.092,197.251,-232.113,307.601,-1.33E-06,6.62E-06,-1.34E-06,Cyg
2232181,53Eps Cyg,Aljanah,20.77018972,33.97025353,22.2916,356.16,330.28,-10.9,2.48,0.739,K0III,1.021,12.263,-13.835,12.456,9.44E-06,4.74E-05,2.34E-05,Cyg
2235603,2Eps Aqr,Albali,20.79459785,-9.49577641,74.8397,33.923,-34.936,-19.82,3.78,-0.591,A1 III,0,49.314,-54.9245,-12.3467,-5.60E-06,2.47E-05,-9.16E-06,Aqr
2259173,18 Del,Musica,20.97387043,10.83928434,75.1759,-49.921,-34.509,4.171,5.51,1.13,K0,0.934,51.851,-52.565,14.137,-8.35E-06,-1.74E-05,-1.16E-05,Del
2280054,Sig Oct,Polaris Australis,21.14634819,-88.95649871,90.0862,26.323,4.721,9.64,5.45,0.677,F0 IV,0.283,1.204,-1.115,-90.071,9.46E-06,6.91E-06,-9.82E-06,Oct
2289559,,Solaris,21.22666391,14.68937719,49.3006,233.909,-0.36,-44.408,9.78,6.316,K5,1.611,35.662,-31.662,12.502,4.28E-06,7.10E-05,-1.16E-05,Peg
2293929,8Alp Equ,Kitalpha,21.26373002,5.24786527,58.1446,49.747,-89.846,-16,3.92,0.097,G5 III + A5 V,0.549,43.6689,-38.0202,5.3178,-1.33E-06,1.98E-05,-2.67E-05,Equ
2296684,,Lacaille 8760,21.287725,-38.867362,3.9696,-3258.966,-1145.862,20.71,6.69,8.696,M1/M2V,1.397,2.344,-2.015,-2.491,-3.89E-05,-4.93E-05,-3.05E-05,Mic
2299133,5Alp Cep,Alderamin,21.30963,62.585573,15.0376,149.91,48.27,-11.5,2.45,1.564,A7IV-V,0.257,5.276,-4.483,13.349,5.70E-07,1.39E-05,-8.82E-06,Cep
2317987,8Bet Cep,Alfirk,21.477662,70.560716,210.084,12.6,8.73,-8,3.23,-3.382,B2IIIv SB,-0.201,55.22,-42.887,198.108,-9.01E-07,1.69E-05,-4.76E-06,Cep
2323395,22Bet Aqr,Sadalsuud,21.525982,-5.571172,167.4261,19.214,-8.163,7,2.9,-3.219,G0Ib,0.828,132.887,-100.54,-16.254,1.46E-05,8.53E-06,-7.29E-06,Aqr
2335058,23Xi Aqr,Bunda,21.62919716,-7.85420249,54.8475,114.89,-24.434,-21,4.68,0.984,K0 III,0.175,44.199,-31.599,-7.495,-2.62E-07,3.77E-05,-3.50E-06,Aqr
2335811,,Samaya,21.63566793,-31.73748058,92.9286,21.833,-82.314,9.656,8.56,3.719,F7 V,0.546,64.37,-45.855,-48.883,-3.34E-06,1.45E-05,-3.67E-05,PsA
2339523,40Gam Cap,Nashira,21.668181,-16.662308,52.3459,200.193,-9.578,-31.2,3.69,0.096,A7III:mp...,0.32,41.0894,-28.7473,-15.0091,3.51E-06,5.96E-05,6.82E-06,Cap
2343214,80Pi-1 Cyg,Azelfafage,21.70157304,51.18961817,440.0246,4.934,-3.583,-8,4.69,-3.527,B3V,-0.119,227.3447,-156.1117,342.8779,6.64E-06,8.21E-06,-1.12E-05,Cyg
2345610,,Bosona,21.72358353,-7.40824938,147.8471,2.184,1.781,-18.624,8.34,2.491,K0 III,1.009,121.338,-82.295,-19.063,-1.46E-05,1.18E-05,3.72E-06,Aqr
2347023,8Eps Peg,Enif,21.736433,9.875011,211.4165,30.02,1.38,5,2.38,-4.246,K2Ibvar,1.52,172.77,-116.331,36.258,2.12E-05,2.28E-05,2.27E-06,Peg
2352054,49Del Cap,Deneb Algedi,21.784011,-16.127286,11.6359,259.707,-296.721,-6.3,2.85,2.521,A5mF2 (IV),0.18,9.349,-6.127,-3.232,-1.03E-06,1.82E-05,-1.43E-05,Cap
2364036,Gam Gru,Aldhanab,21.89881363,-37.3648735,56.1545,110.445,-17.161,2.93,3,-0.747,B8 III,-0.084,38.0472,-23.3312,-34.0797,1.53E-05,2.59E-05,-5.53E-06,Gru
2370128,,Itonda,21.95551326,-37.76361597,44.9059,101.032,-118.842,5.606,7.47,4.208,G1/3 (V),0.568,30.535,-18.107,-27.501,1.49E-06,2.47E-05,-2.40E-05,Gru
2381451,17Xi Cep,Kurhah,22.0631812,64.62796997,31.1332,212.563,89.058,-6,4.26,1.794,AM,0.379,11.662,-6.478,28.13,2.66E-06,3.52E-05,2.16E-07,Cep
2384866,34Alp Aqr,Sadalmelik,22.09639885,-0.31984929,202.2185,18.59,-10.45,8,2.95,-3.579,G2 Ib,0.969,177.619,-96.656,-1.129,1.58E-05,1.21E-05,-1.03E-05,Aqr
2389094,Alp Gru,Alnair,22.13718789,-46.96061593,30.9693,127.6,-147.91,10.9,1.73,-0.725,B7 IV,-0.07,18.673,-9.904,-22.635,1.36E-06,2.10E-05,-2.33E-05,Gru
2392548,26The Peg,Biham,22.169996,6.197865,28.2965,281.96,31.23,-7.9,3.52,1.261,A2V,0.086,24.964,-12.968,3.055,1.03E-05,3.82E-05,3.39E-06,Peg
2403906,43The Aqr,Ancha,22.28056584,-7.78328831,58.5163,118.929,-21.928,-14.108,4.17,0.334,K0 III,0.979,52.202,-25.226,-7.925,1.05E-06,3.70E-05,-4.21E-06,Aqr
2412000,48Gam Aqr,Sadachbia,22.360938,-1.387331,38.6771,134.223,11.219,-25.6,3.86,0.923,A0V,-0.057,35.1601,-16.0869,-0.9361,-1.33E-05,3.38E-05,2.74E-06,Aqr
2421096,,Lionrock,22.45085307,-17.26365865,111.5473,-85.892,-104.042,14.854,7.6,2.363,G8 IV,0.882,97.881,-42.027,-33.104,-2.03E-05,-4.18E-05,-5.82E-05,Aqr
2422606,,Kruger 60,22.466642,57.695875,4.001,-870.23,-471.1,-33.3,9.59,11.579,M2V,1.613,1.968,-0.835,3.381,-1.62E-05,-1.14E-05,-3.37E-05,Cep
2438208,63Kap Aqr,Situla,22.62927224,-4.22805501,67.9582,-69.411,-119.631,6.733,5.04,0.879,K1 III,1.14,63.456,-23.802,-5.01,-4.32E-06,-2.28E-05,-3.98E-05,Aqr
2439425,,EZ Aqr,22.642562,-15.302542,3.40599455,2314.8,2295.3,-60,12.66,14.999,,1.98,3.077,-1.142,-0.898,-3.28E-05,5.29E-05,5.28E-05,Aqr
2444039,42Zet Peg,Homam,22.691033,10.831364,62.6566,77.38,-10.98,7,3.41,-0.575,B8.5V,-0.086,57.962,-20.679,11.774,1.51E-05,1.96E-05,-1.93E-06,Peg
2445914,Bet Gru,Tiaki,22.71112486,-46.88458025,54.2594,135.68,-4.51,2,2.07,-1.602,M5 III(W),1.61,34.993,-12.277,-39.608,1.23E-05,3.35E-05,-2.30E-06,Gru
2446484,44Eta Peg,Matar,22.7167053,30.22124754,60.1294,19.957,-18.971,4,2.93,-0.965,G2II-III,0.852,49.0522,-17.1292,30.2656,7.88E-06,3.41E-06,-2.72E-06,Peg
2448266,,Babcock's star,22.73541856,55.58922661,460.7862,4.523,-1.244,,8.83,0.513,A0P,0.031,246.26,-84.644,380.152,5.45E-06,8.81E-06,-1.57E-06,Lac
2457353,48Mu Peg,Sadalbari,22.83338727,24.60157698,34.5614,145.24,-42.396,15.3,3.51,0.817,G8III,0.933,29.97,-9.449,14.388,2.37E-05,1.80E-05,5.52E-08,Peg
2464399,76Del Aqr,Skat,22.910837,-15.82082,43.2057,-34.152,-26.359,10.96,3.27,0.092,A3V,0.066,39.8906,-11.6928,-11.7788,6.89E-06,-9.48E-06,-8.37E-06,Aqr
2468720,51 Peg,Helvetios,22.95777244,20.76882977,15.5268,207.328,61.164,-33.332,5.45,4.495,G0,0.666,13.981,-3.912,5.506,-2.81E-05,2.41E-05,-7.78E-06,Peg
2469000,24Alp PsA,Fomalhaut,22.96078488,-29.62183701,7.7036,329.22,-164.22,6.1,1.17,1.737,A3 V,0.145,6.451,-1.799,-3.808,5.61E-06,1.12E-05,-8.41E-06,PsA
2477939,53Bet Peg,Scheat,23.06290462,28.08278481,60.0962,187.76,137.61,9,2.44,-1.454,M2II-III,1.655,51.433,-12.878,28.29,2.86E-06,5.57E-05,3.97E-05,Peg
2478094,4Bet Psc,Fumalsamakah,23.06461506,3.82004928,124.1591,12.219,-9.678,0.3,4.48,-0.99,B7 IV/V,-0.115,120.187,-30.035,8.272,2.46E-06,6.97E-06,-5.79E-06,Psc
2479353,54Alp Peg,Markab,23.079348,15.205264,40.8831,61.1,-42.56,-4,2.49,-0.568,B9.5III,-0.002,38.311,-9.417,10.723,1.21E-06,1.22E-05,-9.21E-06,Peg
2480840,,Lacaille 9352,23.097531,-35.853073,3.288,6765.995,1330.285,8.307,7.35,9.765,M2/M3V,1.483,2.591,-0.625,-1.926,4.40E-05,0.000100325,1.22E-05,PsA
2485372,,Ebla,23.15298002,-2.26074029,28.822,631.54,-97.397,-37.986,8.59,6.291,K3 V,1.012,28.094,-6.334,-1.137,-1.90E-05,9.47E-05,-1.21E-05,Psc
2500086,,Danfeng,23.33542123,-60.06513939,25.1818,-319.924,-127.782,29.438,11.03,9.025,M2,1.45,12.376,-2.175,-21.822,-5.28E-06,-3.87E-05,-3.39E-05,Tuc
2500738,62Tau Peg,Salm,23.34395634,23.74033926,48.2753,36.27,-2.505,11.482,4.58,1.161,A5IV,0.18,43.54,-7.552,19.435,1.23E-05,6.49E-06,4.19E-06,Peg
2506846,68Ups Peg,Alkarab,23.4229955,23.40410164,53.4585,191.856,36.183,-11,4.42,0.78,F8III,0.617,48.502,-7.383,21.234,-6.41E-06,5.13E-05,4.14E-06,Peg
2514312,14 And,Veritate,23.52150392,39.23619899,75.9408,286.898,-84.043,-59.806,5.22,0.818,G8III,1.029,58.359,-7.349,48.034,-1.44E-05,0.000108271,-6.27E-05,And
2514374,,Poerava,23.52231718,-58.20973163,55.9518,181.041,-5.234,-21.906,7.82,4.081,F7 V,0.513,29.246,-3.677,-47.558,-6.78E-06,5.03E-05,1.83E-05,Tuc
2524646,35Gam Cep,Errai,23.65577767,77.6323124,13.7899,-64.86,171.159,-43.1,3.21,2.512,K0IV,1.031,2.9414,-0.266,13.4698,-2.09E-05,-2.46E-06,-4.06E-05,Cep
2527960,,Ross 248,23.698379,44.174924,3.15974535,112.527,-1591.65,-77.51,12.29,14.792,,1.9,2.256,-0.179,2.199,-3.96E-05,4.86E-06,-7.27E-05,And
2544948,,Uúba,23.91116911,-37.62793183,81.0499,247.634,-69.752,-10.716,9.79,5.246,G8,0.815,64.173,-1.493,-49.483,-2.31E-05,9.79E-05,-1.50E-05,Scl
2552046,,Axólotl,23.99828693,-22.42811295,94.5218,147.026,26.865,1.425,8.23,3.352,G2 V,0.639,87.372,-0.039,-36.062,6.07E-06,6.74E-05,1.08E-05,Cet
